brewery_wa,brewery_prod,January,February,March,April,May,June,July,August,September,October,November,December,total_annual
192 brewing company,192 BREWING COMPANY,,0.5,,,,,,0.33,,,,,0.8300000000000001
20 corners brewing company,20 CORNERS BREWING,,104.64,147.98,72.33,,,,209.93,132.3,,75.86,106.5,849.54
23rd ave brewery,23RD AVE BREWERY,,,,,2.0,4.78,5.0,,1.0,14.0,,,26.78
4 stitch brewing company,4 STITCH BREWING CO.,,2.0,1.25,,4.72,,1.46,3.4,,,,,12.829999999999998
45 degree brewhouse,45 DEGREE BREWHOUSE,,,,,,,,,7.09,,,31.13,38.22
5 north brewing company,5 NORTH BREWING COMPANY,26.14,28.48,25.83,28.27,24.65,22.47,25.81,23.14,18.49,13.17,16.04,14.83,267.32
5 rights brewing company,5 RIGHTS BREWING LLC,26.52,,52.03,34.08,34.77,,81.0,38.5,,32.83,34.33,67.9,401.96
54°40' brewing company,54-40 BREWING COMPANY,,329.07,132.42,,242.45,171.2,160.46,,,355.19,-0.5,-1.82,1388.47
5th line brewing company,5TH LINE BREWING CO.,4.7,4.78,7.79,6.78,5.78,14.38,10.18,5.96,7.05,9.21,7.12,7.13,90.86
7 seas brewing company,7 SEAS BREWING,315.96,336.01,305.77000000000004,481.85,442.82,544.22,609.43,563.28,416.25,417.86,276.61,432.0,5142.0599999999995
acorn brewing,ACORN BREWING,17.56,,35.22,19.85,19.85,21.58,,38.14,19.55,19.68,19.72,21.58,232.73
airways brewing company,AIRWAYS BREWING COMPANY,34.16,47.15,54.68,59.13,52.93,55.17,63.67,65.24,74.75,63.45,60.89,48.28,679.5000000000001
ale spike camano island brewing,ALE SPIKE,1.94,4.1,6.45,5.25,6.25,6.56,6.57,6.75,5.25,5.82,5.96,3.41,64.31
anacortes brewery,ANACORTES BREWERY,11.1,4.6,34.4,62.8,39.65,55.5,66.1,67.5,70.55,44.56,31.0,19.9,507.66
ancient lakes brewing company,TWENTY-EIGHT TEN LLC,4.43,1.95,0.76,1.73,4.26,2.14,,1.62,0.9,,,7.93,25.72
another round brewing company,ANOTHER ROUND BREWING CO,,,11.63,12.57,13.29,13.0,11.72,14.81,15.18,10.93,12.59,9.94,125.66000000000004
ashtown brewing company,ASHTOWN BREWING COMPANY,8.3,8.64,11.75,8.32,7.43,,16.94,8.3,,16.11,7.31,8.36,101.46000000000002
aslan brewing company,ASLAN BREWING COMPANY,362.67,329.33,483.91,472.59,394.46,557.23,502.5,624.47,356.63,366.27,404.17,360.64,5214.87
at large brewing,AT LARGE BREWING AND TAPROOM,13.84,14.67,15.5,28.0,12.83,21.33,21.16,25.33,10.0,11.34,12.17,13.02,199.19
atomic ale brewpub and eatery,ATOMIC ALE BREWPUB & EATERY,11.5,22.4,16.0,14.2,,30.3,12.0,,22.6,,36.55,3.3,168.85
atwood farm brewery,ATWOOD ALES,,7.71,5.42,,11.71,11.79,6.48,9.23,6.61,,7.7,10.67,77.32
audacity brewing,AUDACITY BREWING,8.33,5.83,2.59,8.8,10.03,4.32,8.45,12.23,8.5,7.13,4.5,6.48,87.19
backwoods brewing company,BACKWOODS BREWING COMPANY,148.47,162.26,246.93,210.97,201.53,275.74,229.94,280.54999999999995,281.01,255.23,140.69,229.86,2663.1800000000003
bad jimmy's brewing company,BAD JIMMYS BREWERY,,15.1,20.0,64.46,22.4,26.99,25.99,22.83,16.5,8.66,5.0,9.0,236.93
badass backyard brewing,BADASS BACKYARD BREWING,,3.0,,3.0,,2.0,4.5,4.5,1.0,,,9.0,27.0
badger mountain brewing company,BADGER MOUNTAIN BREWING,11.0,,43.1,22.59,29.4,28.74,28.64,21.66,26.81,11.61,14.06,21.25,258.86
bainbridge brewing company,BAINBRIDGE ISLAND BREWING,62.22,58.44,79.15,92.48,83.84,83.22,113.68,104.54,91.84,100.46,68.35,71.56,1009.78
bale breaker brewing company,BALE BREAKER BREWING COMPANY,1535.06,1276.72,1822.97,1900.88,1802.26,2140.11,2302.83,2282.84,1709.75,1536.51,2088.51,1416.19,21814.629999999994
bardic brewing and cider,BARDIC BREWING,3.32,1.88,,3.91,,3.49,1.79,,4.93,,,8.12,27.44
barhop brewing,BARHOP BREWING,,42.0,83.0,51.0,,117.0,57.0,,70.0,82.83,52.03,35.88,590.74
barley pop! brewing,BARLEY POP! BREWING,,,,,,3.5,3.0,,2.43,0.85,1.85,1.5,13.13
barlow's brewery,BARLOWS BREWERY,5.48,,,0.67,,,,,,,,,6.15
barrel mountain brewing,BARREL MOUNTAIN BREWING,106.29,111.75,167.61,153.19,191.01,183.67,143.91,209.85,156.76,150.98,152.74,121.47,1849.23
bastion brewing company,BASTION BREWING COMPANY,,,,,,,113.55,85.4,,51.4,,57.3,307.65
beach cat brewing,BEACH CAT BREWING,,21.0,16.0,18.0,46.5,,52.5,,71.0,18.0,23.0,13.5,279.5
beardslee public house,BEARDSLEE PUBLIC HOUSE,32.5,37.0,52.0,27.5,55.5,39.5,50.0,57.5,44.5,30.0,29.5,53.0,508.5
bellevue brewing company,BELLEVUE BREWING COMPANYBELLEVUE BREWING COMPANY SPRING DISTRICT BREW,40.89,57.15,69.68,73.89,65.29,60.8,114.79,69.48,123.56,88.03999999999999,94.34,120.66,978.57
bellwether brewing company,BELLWETHER BREWING COMPANY,7.0,23.66,12.33,13.16,19.67,22.66,14.67,11.83,21.84,19.16,20.0,16.16,202.14
bennidito's brewpub,BENNIDITOS BREW PUB,37.01,19.89,36.38,35.0,44.0,37.16,14.66,,72.86,45.76,,31.38,374.1
bent bine brewing company,BENT BINE BREW CO,,39.3,,9.5,,11.92,,51.6,,,24.8,,137.12
berchmans brewing company,BERCHMANS BREWING COMPANY,,,1.0,,,,,,,1.0,1.0,,3.0
best of hands barrelhouse,BEST OF HANDS BARRELHOUSE,15.25,10.25,17.57,18.89,13.31,18.28,29.88,10.26,23.33,16.92,15.16,,189.09999999999997
bickersons brewhouse,BICKERSONS BREWHOUSE LLCBICKERSONS BREWHOUSE,11.61,24.05,16.28,18.25,29.08,28.01,34.79,62.85,42.11,61.94,21.28,19.77,370.02
big block brewing,BIG BLOCK BREWING,36.06,55.26,53.65,25.39,48.1,58.61,37.26,43.58,54.39,43.19,46.52,8.71,510.72
big house brewpub,BIG HOUSE BREW PUB,39.0,21.0,21.0,,49.0,28.0,,,67.0,,,42.0,267.0
big time brewery,BIG TIME BREWING COMPANY,,83.5,54.75,,57.25,,120.95,97.5,62.0,,94.25,,570.2
birdsview brewing company,BIRDSVIEW BREWING CO,20.2,32.7,24.8,26.6,13.3,26.4,37.6,19.1,33.3,12.0,19.5,19.7,285.20000000000005
bizarre brewing,BIZARRE BREWING,,,,,,,,,,27.51,21.97,30.88,80.36
black fleet brewing,BLACK FLEET BREWING,9.42,12.94,11.94,13.51,16.44,15.74,17.08,22.1,14.67,11.98,9.56,11.05,166.42999999999998
black label brewing company,BLACK LABEL BREWING COMPANY,,,8.0,12.5,,,32.0,,,40.5,,,93.0
black raven brewing company,BLACK RAVEN BREWING COMPANY,-10.54,1194.46,21.73,1590.16,878.0899999999999,-5.95,1774.7800000000002,904.37,-6.81,1888.28,-7.05,684.23,8905.75
blackbeard's brewing company,BLACKBEARDS BREWING COMPANY,8.0,24.0,,32.0,24.0,24.0,16.0,50.0,17.5,8.0,,,203.5
blewett brewing company,BLEWETT BREWING COMPANY,15.1,16.6,18.4,21.85,22.45,34.1,39.05,43.25,45.3,31.6,22.5,28.0,338.2
bombing range brewing company,BOMBING RANGE BREWING COMPANY,40.66,45.1,46.87,48.02,44.79,50.47,47.31,41.12,47.71,45.88,39.98,40.44,538.35
bottle bay brewing company,BOTTLE BAY BREWING CO.,,4.0,,,,46.0,,,,80.0,,,130.0
boundary bay brewery,BOUNDARY BAY BREWERY AND BISTRO,304.31,416.68,495.1,559.19,458.02,613.18,577.56,461.11,538.55,477.46,372.26,340.11,5613.530000000001
breakthru brewing company,BREAKTHRU BREWING COMPANY,15.0,11.5,,4.0,8.0,4.5,4.5,12.0,,11.0,8.0,10.0,88.5
brewbakers brewing company,BREW BAKERS,1.5,2.5,1.5,1.5,2.0,1.5,3.0,2.0,2.0,3.0,1.0,,21.5
brick west brewing company,BRICK WEST BREWING,153.33,110.65,201.44,154.67,182.94,223.45,184.62,154.63,193.33,198.86,113.69,163.09,2034.7000000000005
bron yr aur brewing company,BRON YR AUR FRUIT & PRODUCE,20.17,20.17,27.5,21.75,25.92,26.7,28.44,32.02,24.14,24.04,10.32,18.54,279.71000000000004
brother ass brewing,BROTHER ASS BREWING,4.29,14.37,,3.02,7.03,8.65,6.33,7.39,5.91,4.28,7.33,4.53,73.13
brothers cascadia brewing,BROTHERS CASCADIA BREWING,98.21,127.43,115.64,,195.27,124.47,105.48,72.43,98.12,84.7,92.9,72.81,1187.46
bugu brewing company,BUGU BREWING COMPANY,1.65,3.44,2.46,4.94,3.94,4.27,,11.49,4.29,4.05,4.06,5.7,50.29
burke-gilman brewing company,BURKE-GILMAN BREWING COMPANY,34.2,33.1,,277.84,28.7,,83.3,,51.5,57.4,,17.9,583.9399999999999
burwood brewing company,BURWOOD BREWING COMPANY,30.95,38.49,46.22,44.54,51.73,72.16,46.96,49.02,56.25,36.3,39.67,34.09,546.3800000000001
byron street brewery,BYRON ST BREWERY,,,,,,,,,2.5,5.5,4.0,2.5,14.5
cairn brewing,CAIRN BREWING,26.0,10.5,43.5,28.5,43.5,31.0,33.0,38.0,36.0,34.0,31.5,12.5,368.0
camas brewing company,CAMAS BREWING CO,,,18.0,,-1.25,,,23.5,8.75,9.58,,,58.58
camp colvos brewing,CAMP COLVOS BREWING,,55.8,32.6,37.9,41.9,,93.8,48.8,43.7,,66.4,29.9,450.7999999999999
captain's brewing company,CAPTAINS BREWING COMPANY,0.17,0.5,0.42,0.42,0.42,0.42,,,0.32,,,,2.67
cardinal craft brewing,CARDINAL CRAFT BREWING,,13.0,,,,5.0,,,1.0,1.0,6.0,,26.0
chainline brewing company,CHAINLINE BREWERY,66.74,123.38,126.59,139.59,-0.29,262.77,136.94,179.1,161.48,88.73,95.47,84.98,1465.48
chaos bay brewing company,CHAOS BAY BREWING CO.,,,,,,,,,,7.0,5.0,4.0,16.0
chief spring's fire and irons brewpub,CHIEF SPRINGS FIRE & IRONS BREW PUB,,21.87,13.36,9.71,9.97,18.56,11.41,10.83,10.72,,17.52,10.7,134.65
chuckanut brewery,CHUCKANUT BREWERY,263.4,283.3,465.2,291.1,351.45,389.8,349.3,457.6,322.6,-1.5,591.3,252.11,4015.66
cloudburst brewing,CLOUDBURST BREWING,139.42000000000002,159.64,181.46,175.84,167.88,181.92,166.44,196.28000000000003,168.52,164.29,147.81,150.56,2000.06
cole street brewery,COLE STREET BREWERY,2.0,,2.0,2.6,,,9.0,,,,,,15.6
common language brewing company,COMMON LANGUAGE BREWING COMPANY,,,47.0,15.0,22.5,3.0,50.0,22.0,10.0,42.0,13.0,4.5,229.0
counterbalance brewing company,COUNTERBALANCE BREWING COMPANY,27.28,40.84,39.74,39.02,36.39,42.68,28.46,37.41,25.27,13.58,,,330.66999999999996
cowiche creek brewing company,COWICHE CREEK BREWING COMPANY,59.66,37.5,48.5,96.99,43.49,46.0,36.0,117.11,69.66,31.67,16.0,5.17,607.7499999999999
crane's castle brewing company,CRANES CASTLE BREWING,7.2,7.78,10.53,8.33,9.7,9.47,9.95,9.38,7.7,9.5,7.53,8.04,105.11
crooked label brewing company,CROOKED LABEL BREWING COMPANY,6.0,6.0,6.0,6.0,6.0,9.0,9.0,12.0,12.0,12.0,12.0,9.0,105.0
crossbuck brewing,WALLA WALLA STEAK CO/CROSS BUCK BREWING,16.69,10.34,18.87,22.11,21.68,,42.34,103.23,26.51,20.7,12.47,21.77,316.71
crossed arrows brewery,CROSSED ARROWS BREWERY,,,,,,,,,,,,1.0,1.0
crucible brewing company,CRUCIBLE BREWING COCRUCIBLE BREWING CO.,49.92,110.51,133.32999999999998,131.26,167.38,,212.22,92.25,90.06,,67.28,263.27,1317.48
cursed brewing,CURSED BREWING,,,,,,,,,,4.78,4.78,-3.06,6.5
darach brewing company,DARACH BREWING COMPANY,,,,,,,,,,,,5.5,5.5
decibel brewing company,DECIBEL BREWING CO,,6.02,,,,,,,,,,4.52,10.54
deep draft brewing,DEEP DRAFT BREWING,12.13,14.26,18.58,15.57,19.88,23.17,25.46,21.93,20.99,16.5,17.06,10.34,215.87
diamond knot brewing company,DIAMOND KNOT BREWING COM.DIAMOND KNOT BREWPUB @ MLT,207.84,214.13,375.71,296.93,367.95,308.92,274.73,370.69,279.6,282.43,311.28000000000003,183.75,3473.9599999999996
dick's brewing company,DICKS BREWING COMPANY,208.76,89.05,,135.35,,101.57,,,197.75,,91.68,32.27,856.4300000000001
dirty couch brewing,DIRTY COUCH BREWING,,,,33.12,,17.28,,,,,61.86,,112.26
discovery bay brewing,DISCOVERY BAY BREWING,7.1,6.56,9.29,10.45,11.77,11.19,14.37,13.36,11.2,9.48,4.74,6.3,115.81
district brewing,DISTRICT BREWING,25.36,30.38,118.03,71.86,72.95,139.61,103.2,96.51,66.87,82.53,113.79,63.05,984.14
doghaus brewery,DOGHAUS BREWERY,3.75,10.25,5.75,9.0,11.5,17.25,13.25,17.25,16.25,14.0,4.25,7.0,129.5
doomsday brewing company,DOOMSDAY BREWING COMPANY,31.0,30.5,39.0,33.5,31.0,37.5,36.5,41.5,34.0,32.0,32.0,27.0,405.5
double bluff brewing company,DOUBLE BLUFF BREWING,8.23,9.35,14.84,14.03,14.03,12.58,16.94,14.35,12.42,11.29,12.1,6.77,146.92999999999998
downpour brewing,DOWNPOUR BREWING,,21.0,12.0,12.0,12.0,15.0,,12.0,24.0,,24.0,,132.0
dreadnought brewing,DREADNOUGHT BREWING,4.5,4.0,5.5,,9.5,,8.5,,8.5,,9.0,,49.5
dru bru,DRU BRU,206.37,302.96,337.66,302.57000000000005,327.28999999999996,442.43,433.26,466.01,519.14,314.67,360.73,365.75,4378.84
dubtown brewing company,DUBTOWN BREWING COMPANY,5.0,19.0,4.5,14.5,19.0,9.5,4.5,19.0,5.0,14.5,19.0,9.5,143.0
dunagan irish pub and brewery,DUNAGAN BREWING CO.,,,5.5,4.5,,,3.0,,,6.0,,,19.0
dungeness brewing company,DUNGENESS BREWING COMPANY,,,,,,,,,0.8,0.8,,,1.6
dwinell country ales,DWINELL COUNTRY ALE,1.52,10.8,6.26,8.1,7.28,6.24,6.8,17.94,8.3,7.81,4.52,0.41,85.97999999999999
dystopian state brewing company,DYSTOPIAN STATE BREWING CO.,50.5,,7.8,,40.4,,,45.1,,,,25.8,169.6
e2w brewing,E2W BREWING,1.75,2.42,3.09,2.0,,4.85,,,,,,,14.11
e9 brewing company,E9 BREWING CO,142.89,187.39,221.89,225.03,208.38,230.98,218.46,232.84,1160.95,180.98,192.9,232.3,3434.99
echoes brewing company,ECHOES BREWING COMPANY LLC,17.85,16.83,35.91,28.83,31.35,34.09,38.18,47.59,39.53,43.83,40.55,31.84,406.38
elk head brewing company,ELK HEAD BREWING,21.29,26.69,30.25,30.83,26.7,28.77,32.03,28.1,29.58,24.41,25.19,29.31,333.15000000000003
elliott bay brewing company,ELLIOTT BAY BREWHOUSE & PUBELLIOTT BAY PUBLIC HOUSE & BREWERYELLIOTT BAY BREWERY & PUB,95.7,105.9,133.0,157.62,87.10000000000001,176.54,95.1,122.92,103.38,74.3,95.73,116.56,1363.85
elysian brewing,ELYSIAN BREWING COMPANY,874.69,780.65,-101.03,2182.4,1447.5,947.41,1211.8,1545.98,1207.3,1627.5,507.17,732.5,12963.87
everybody's brewing,EVERYBODYS BREWING,184.47,200.68,320.71,278.26,295.38,313.73,284.98,409.67,313.55,206.14,276.42,187.26,3271.2500000000005
explorer brewing company,EXPLORER BREWING COMPANY,8.2,8.75,10.56,8.91,7.98,10.03,11.2,12.71,12.38,6.46,,18.86,116.04
fair isle brewing,FAIR ISLE BREWING,35.06,20.99,50.87,42.56,33.26,104.07,36.94,61.92,0.0,46.95,52.3,25.05,509.97
farmstrong brewing company,FARMSTRONG BREWING COMPANY,85.7,73.98,153.2,104.67,165.96,163.76,154.8,213.71,,,,378.68,1494.46
fast fashion beer,FAST FASHION,75.0,48.0,,70.0,28.0,48.0,30.0,,80.0,,42.0,40.0,461.0
fathom and league hop yard brewery,FATHOM & LEAGUE HOP YARD BREWERY,,0.5,0.5,0.25,1.0,,1.0,1.5,0.25,2.58,,1.0,8.58
fermentation initiative,FERMENTATION INITIATIVE,,,,,4.0,5.0,4.0,5.0,,9.0,,7.0,34.0
figurehead brewing company,FIGUREHEAD BREWING COMPANY,19.0,19.51,,52.72,21.85,31.77,25.23,31.75,23.67,33.09,22.37,11.58,292.54
fired up brewing,FIRED UP BREWING,14.51,16.1,12.82,,29.24,23.74,12.82,,31.2,18.53,7.56,12.23,178.74999999999997
five dollar ranch brewing company,FIVE DOLLAR RANCH BREWING COMPANY,10.04,9.58,14.35,9.9,12.6,15.06,17.3,16.16,17.22,14.31,12.34,17.67,166.53
five dons brewing,FIVE DONS BREWING,,,,,,,,29.5,,,,,29.5
floodland brewing,FLOODLAND BREWING COMPANY,,,42.03,,54.9,,31.26,,35.1,39.1,,,202.39
flyers restaurant and brewery,FLYERS RESTAURANT AND BREWERY,,62.25,,,,68.5,,61.5,,,55.5,,247.75
flying bike cooperative brewery,FLYING BIKE COOPERATIVE BREWERY,22.5,66.53,33.14,38.75,25.67,,38.75,66.16,,72.64,23.08,,387.22
flying lion brewing,FLYING LION BREWING,29.26,39.64,25.64,27.27,58.92,49.07,32.64,51.75,54.11,38.03,59.75,33.11,499.19000000000005
foggy noggin brewing,FOGGY NOGGIN BREWING,3.17,4.0,4.83,1.34,3.0,1.83,5.84,2.0,3.0,3.0,1.67,3.0,36.68
for the love of god brewing,FOR THE LOVE OF GOD BREWING,7.0,5.0,10.0,10.0,19.0,10.0,12.0,14.0,14.0,10.0,11.0,6.0,128.0
formula brewing,FORMULA BREWING,49.0,,129.1,91.5,54.52,74.67,110.65,55.81,,127.34,7.0,52.71,752.3
fortside brewing company,FORTSIDE BREWING COMPANY,59.59,66.6,75.23,97.03,72.1,105.45,96.34,116.03,74.39,123.88,63.78,37.66,988.08
forward operating base brewing company,FOB BREWING COMPANY,,25.0,,,,11.0,,8.0,,,25.0,,69.0
four generals brewing,FOUR GENERALS BREWING,17.76,16.87,16.4,16.32,22.09,23.47,18.26,21.64,17.28,15.45,14.2,11.83,211.57
four horsemen brewery,FOUR HORSEMEN BREWERY,3.1,3.97,-16.26,7.39,,13.0,,11.0,,6.0,4.0,,32.2
four-eyed guys brewing company,FOUR-EYED GUYS BREWING CO.,8.5,15.5,13.16,11.82,,25.3,7.1,11.33,16.67,,19.67,15.67,144.72000000000003
fremont brewing company,FREMONT BREWINGFREMONT BREWING COMPANY,2432.57,2138.85,2791.8199999999997,2529.5499999999997,2605.31,3071.87,2713.02,2729.31,2815.2200000000003,2046.05,2426.99,3203.74,31504.3
fringe brewing,FRINGE BREWING,6.5,32.0,19.5,20.0,33.5,32.5,7.4,20.25,27.5,26.5,38.5,18.5,282.65
future primitive brewing,FUTURE PRIMITIVE BREWING,93.77,74.43,123.34,,249.19,147.89,92.88,90.08,153.97,84.91,73.7,92.96,1277.12
gallaghers where u brew,GALLAGHERS WHERE U BREW,,31.23,16.58,14.24,,18.23,3.77,3.07,17.68,35.99,18.06,17.93,176.78000000000003
garden path fermentation,GARDEN PATH FERMENTATION,2.96,3.13,10.68,4.46,6.45,6.62,7.84,7.24,6.79,2.87,4.09,3.2,66.33
garland brew werks,GARLAND BREW WERKS,13.59,,43.5,,57.44,,34.1,,,54.73,,28.99,232.35
geaux brewing,GEAUX BREWING,,21.26,,,,,,37.59,,,,,58.85000000000001
genus brewing,GENUS BREWING & SUPPLY,5.82,5.78,8.3,6.45,5.54,6.77,6.86,5.82,6.34,5.9,3.92,4.11,71.61
georgetown brewing company,GEORGETOWN BREWING CO.,6409.97,6503.01,8538.23,8672.18,8855.93,9571.99,8722.62,10193.51,9227.2,8985.2,9315.17,7380.14,102375.14999999998
ghost runners brewery,GHOST RUNNERS BREWERY,18.35,18.49,25.44,23.81,24.85,23.1,19.99,23.6,23.73,26.82,18.67,16.89,263.74
ghostfish brewing company,GHOSTFISH BREWING COMPANY,97.63,150.56,107.58,144.68,158.43,198.79,176.19,168.36,223.38,161.31,140.69,156.32,1883.92
gig harbor brewing,GIG HARBOR BREWING COMPANY,,36.6,,39.4,25.67,36.7,,,90.5,28.0,,34.0,290.87
golden handle brewing company,GOLDEN HANDLE PROJECT S.P.C.,0.75,1.17,,,,,1.0,17.0,4.5,6.17,6.92,7.33,44.84
good brewing company,GOOD BREWING CO. BOTHELL,,,,,,,,,,,5.0,,5.0
grains of wrath brewing,GRAINS OF WRATH BREWERY,,,861.56,,,,,,,368.55,,901.57,2131.6800000000003
griffin brewing pilot house,GRIFFIN BREWING PILOT HOUSE,,,10.64,7.88,8.66,7.3,7.61,7.85,6.04,6.06,5.09,,67.13000000000001
gruff brewing company,GRUFF BREWING COMPANY,,122.5,,,93.5,36.5,35.1,38.5,20.0,32.0,45.0,27.0,450.1
hale's ales,HALES ALES LTD,99.77,109.15,109.82,54.49,12.34,3.48,,,,,,,389.05
half lion brewing company,HALF LION BREWING COMPANY,49.35,65.09,106.16,79.55,,218.95,120.13,141.27,124.75,86.73,,193.75,1185.73
haywire brewing company,HAYWIRE BREWING CO,44.41,16.52,20.27,27.0,,,80.64,,,83.88,35.71,,308.42999999999995
headless mumby brewing company,HEADLESS MUMBY BREWING,32.61,37.7,46.25,36.21,40.28,41.39,37.58,62.8,49.61,29.69,,27.89,442.00999999999993
headworks brewing,HEADWORKS BREWING,31.61,49.47,48.31,22.28,42.74,28.5,46.19,43.73,38.5,31.78,21.95,41.77,446.83
heathen brewing,HEATHEN BREWING,60.16,73.03,101.79,128.08,-1.19,91.41,121.75,-11.35,208.36,146.68,-4.92,47.370000000000005,961.17
hellbent brewing company,HELLBENT BREWING,221.72,279.75,300.26,305.08,262.63,359.03,276.78,378.17,325.08,262.31,269.32,247.41,3487.54
hemlock state brewing company,HEMLOCK STATE BREWING COMPANY,20.9,18.53,20.9,20.87,21.58,18.88,32.44,18.79,20.27,25.16,18.28,18.53,255.13
here today brewery and kitchen,HERE TODAY BREWERY & KITCHEN,,,,,,,,,,9.5,19.0,9.6,38.1
hideaway brewing company,HIDEAWAY BREWING COMPANY,2.67,2.16,1.34,2.25,2.67,4.0,4.5,4.58,2.83,4.32,2.66,3.03,37.010000000000005
high bluff brewing,HIGH BLUFF BREWING,,,,,,,0.16,0.32,0.5,0.66,0.32,,1.96
hildegard ferments and botanicals,HILDEGARD FERMENTS AND BOTANICALS,,,,,,,,,,1.89,0.55,6.0,8.44
hillbilly brewing company,HILLBILLY BREWING COMPANY,,,0.33,1.17,,,1.5,0.5,,,1.0,,4.5
hoh river brewery,HOH RIVER BREWERY,,5.11,6.31,2.0,5.42,6.03,3.02,6.51,6.82,13.28,8.39,5.66,68.55000000000001
holy mountain brewing company,HOLY MOUNTAIN BREWING COMPANY,243.1,124.11,213.74,,325.49,204.24,243.69,250.54,,415.76,183.5,186.32,2390.49
hood canal brewery,HOOD CANAL BREWING COMPANYHOOD CANAL BREWERY,7.54,10.56,11.61,14.71,7.34,14.59,18.76,15.6,8.11,16.17,,4.2,129.19
hop chaos brewing company,HOP CHAOS BREWING COMPANY,7.0,1.0,10.0,,5.0,,15.0,5.0,3.0,10.0,,13.0,69.0
hoquiam brewing company,HOQUIAM BREWING COMPANY,17.23,,23.62,,20.75,,24.66,,29.7,,24.71,,140.67
horse heaven hills brewery,HORSE HEAVEN HILLS BREWERY,5.0,,15.0,5.0,15.0,10.0,5.0,10.0,5.0,5.0,5.0,5.0,85.0
humble abode brewing,HUMBLE ABODE BREWING,10.5,29.76,17.95,28.38,12.0,29.73,14.7,20.64,17.78,29.4,17.85,17.55,246.24
ice harbor brewing company,ICE HARBOR BREWING COMPANY,94.99,100.3,147.57,154.29,124.7,134.16,154.24,121.71,126.72,97.39,101.4,82.59,1440.0600000000002
icicle brewing company,ICICLE BREWING COMPANY,550.86,555.02,828.06,608.05,697.81,927.36,931.51,812.67,1012.73,803.42,732.53,752.14,9212.159999999998
iconic brewing,ICONIC BREWING,9.2,8.65,13.35,13.0,13.11,17.61,13.73,,74.23,16.25,,71.31,250.44000000000003
in the shadow brewing,IN THE SHADOW BREWING,2.83,3.83,4.09,4.32,3.83,7.82,8.91,5.16,8.85,5.99,4.97,4.62,65.22
inland ale works,INLAND ALE WORKS BREWING CO,,,1.61,8.14,8.03,11.49,7.86,-0.17,3.9,8.55,3.22,,52.63
iron goat brewing,IRON GOAT BREWING,80.17,48.55,83.11,69.7,73.03,93.39,80.54,66.43,88.85,74.16,78.7,72.72,909.35
iron horse brewery,IRON HORSE BREWERY,998.4,1430.1,1344.42,1093.89,955.27,1146.92,1135.27,1237.49,1070.83,967.29,-41.19,1979.11,13317.8
island hoppin' brewery,ISLAND HOPPIN BREWERY,18.59,18.84,28.0,35.06,40.66,61.1,59.3,67.68,42.91,39.66,17.44,,429.24
jellyfish brewing company,JELLYFISH BREWING COMPANY,91.58,98.81,119.72,116.78,115.78,130.36,147.46,168.6,140.5,123.21,91.7,98.6,1443.1
jones creek brewing,JONES CREEK BREWING,5.57,2.56,5.8,6.42,4.02,4.58,7.33,7.01,,8.04,5.26,3.93,60.52
kulshan brewing company,KULSHAN BREWING COMPANYKULSHAN BREWERY,618.5400000000001,676.84,806.3299999999999,818.35,977.33,946.97,1040.63,1234.36,881.79,710.7900000000001,881.03,677.34,10270.3
la conner brewing company,LA CONNER BREWING COMPANYLA CENTER BREWING LLC,5.3,32.7,22.880000000000003,63.120000000000005,21.3,22.97,27.42,34.19,28.27,12.03,45.91,2.75,318.84
ladd and lass brewing,LADD & LASS BREWING,7.29,15.22,15.8,15.74,17.66,15.8,9.48,23.6,25.06,22.9,18.72,19.99,207.26
laht neppur brewing company,LAHT NEPPUR BREWING AND LAHT NEPPUR CELLARS,,7.0,3.5,17.5,,7.0,7.0,14.0,10.5,13.0,,,79.5
lake chelan brewery,LAKE CHELAN BREWERY,14.0,,5.0,,30.0,,,,18.5,7.0,,8.0,82.5
lake stevens brewing company,LAKE STEVENS BREWING COMPANY,23.84,23.5,,46.84,25.66,,51.5,30.66,22.5,,43.68,18.0,286.18
lantern brewing,LANTERN BREWING,8.83,10.37,12.38,13.9,13.03,20.91,18.36,20.41,23.9,18.41,16.49,16.95,193.94
lazy boy brewing,LAZY BOY BREWING CO,56.33,73.61,47.36,50.39,58.32,42.58,45.82,89.16,63.33,70.81,43.27,17.83,658.8100000000001
logan brewing company,LOGAN BREWING COMPANY,,68.33,42.72,44.42,45.19,55.36,50.45,55.29,44.86,38.25,36.29,36.79,517.95
loowit brewing company,LOOWIT BREWING COMPANY,102.56,101.64,152.03,143.4,106.22,166.49,127.61,108.48,153.42,103.54,105.98,150.97,1522.34
lopez island brewing company,LOPEZ ISLAND BREWING COMPANY,,7.17,12.08,4.7,4.81,12.07,12.53,17.25,5.23,6.84,0.83,1.33,84.84
lost woods brewery,LOST WOODS BREWERY,,,20.0,24.0,,34.0,,15.0,,,,58.0,151.0
lovecraft brewing company,LOVECRAFT BREWING,6.0,10.0,1.0,2.0,,8.0,,22.0,21.0,2.0,9.0,,81.0
lowercase brewing,LOWERCASE BREWING,153.85,,,125.67,,,80.12,52.39,20.5,,67.63,,500.16
lucky envelope brewing,LUCKY ENVELOPE BREWING,67.11,52.6,105.46,74.98,128.61,91.49,94.48,116.78,76.76,72.06,36.79,53.76,970.88
lumber house brewery,LUMBER HOUSE BREWERY,15.5,21.25,26.33,20.51,16.66,14.5,19.57,14.32,19.33,14.0,29.28,8.5,219.75
lumberbeard brewing,LUMBERBEARD BREWING,67.97,77.71,104.38,98.07,117.04,126.81,130.16,101.51,87.35,93.16,91.48,66.37,1162.01
mac and jack's brewing company,MAC & JACKS BREWERY INC.,1951.9,1841.37,1780.41,2036.64,2171.85,2776.15,2052.96,2412.73,2378.33,2225.78,1902.2,1755.14,25285.46
machine house brewery,MACHINE HOUSE BREWERY,21.4,29.31,49.13,62.74,19.61,23.38,37.33,42.69,19.65,49.69,39.79,21.1,415.8200000000001
maelstrom brewing company,MAELSTROM BREWING COMPANY,3.71,4.41,5.21,4.61,4.6,6.13,6.23,4.76,4.78,3.54,3.22,2.96,54.16
magnuson cafe and brewery,MAGNUSON BREWERY,22.0,16.4,26.5,27.85,32.0,39.0,,96.81,34.0,,36.09,7.4,338.04999999999995
maritime pacific brewing company,MARITIME PACIFIC BREWING COMPANY,76.87,86.28,126.65,117.02,122.58,146.16,146.35,152.79,160.75,399.9,183.03,131.69,1850.0699999999997
masters brewhouse,MASTERS BREWHOUSE,,36.85,20.25,21.0,21.09,17.7,35.82,15.0,18.3,,34.0,22.9,242.91000000000005
matchless brewing,MATCHLESS,177.36,197.76,248.54,241.68,245.42,271.58,256.93,342.29,352.67,191.73,239.84,260.11,3025.9100000000003
mcmenamins anderson school brewery,MCMENAMINS ANDERSON SCHOOL,141.64,80.46,98.34,278.65,137.19,99.78,83.29,146.47,120.75,104.38,104.73,101.79,1497.4700000000005
mcmenamins elks temple,MCMENAMINS ELKS TEMPLE BREWERY,110.25,74.5,72.75,197.75,96.5,126.5,99.0,105.0,96.25,71.0,80.5,73.5,1203.5
mcmenamins kalama harbor lodge,MCMENAMINS KALAMA HARBOR LODGE BREWERY,36.25,22.75,27.0,99.75,41.22,68.5,46.75,60.94,59.5,37.25,31.0,34.75,565.66
mcmillin farm brewhouse,MCMILLIN FARM,,,,,,,,,,,1.94,0.9,2.84
meatheads smokehouse and beer works,MEATHEADS SMOKEHOUSE AND BEER WORKS,193.0,,,,130.0,,,,,,229.0,,552.0
menace brewing,MENACE BREWING,38.24,,31.3,21.03,17.89,,,,72.32,20.96,,36.74,238.48
middleton brewing,MIDDLETON BREWING,12.0,8.0,14.0,,,22.0,22.0,,,,42.0,,120.0
milepost 111 brewing company,MILEPOST 111 BREWING COMPANY,1.5,,3.16,,,5.83,2.93,,2.33,,,2.0,17.75
millwood brewing company,MILLWOOD BREWING COMPANY,15.04,16.72,19.66,18.91,18.21,15.93,14.38,16.24,10.8,10.19,14.53,19.95,190.56
mirage beer company,MIRAGE BEER,1.59,18.17,17.76,21.61,15.19,10.27,6.57,22.42,7.43,17.2,19.81,11.16,169.17999999999998
monka brewing company,MONKA BREWING COMPANY,,6.0,6.0,9.0,,9.0,3.0,15.0,3.0,9.0,,9.0,69.0
moonshot brewing,MOONSHOT BREWING,13.91,18.74,22.3,18.55,21.81,22.16,24.06,20.64,21.75,19.86,16.21,15.11,235.1
mother fern brewing,MOTHER FERN BREWING,61.0,47.75,107.0,148.0,,297.0,91.5,216.0,,,147.5,125.0,1240.75
mount olympus brewing,MOUNT OLYMPUS BREWING,,85.67,,,95.97,,57.01,,86.22,,39.12,67.9,431.89
mountain lakes brewing company,MOUNTAIN LAKES BREWING COMPANY,5.84,8.17,9.01,14.6,,24.19,9.17,10.36,4.84,13.69,9.01,,108.88
mule and elk brewing company,MULE AND ELK BREWING COMPANY,9.59,12.42,16.03,,11.79,10.36,8.44,11.97,21.04,5.19,14.57,15.9,137.29999999999998
métier brewing company,METIER BREWING COMPANY,27.66,56.63,59.08,56.52,51.11,108.12,44.9,139.06,87.6,59.99,40.77,28.37,759.8100000000001
narrows brewing company,NARROWS BREWING COMPANY,137.17,118.41,211.22,201.78,255.36,211.05,194.71,305.47,163.76,170.56,207.36,110.21,2287.0600000000004
natural 20 brewing company,NATURAL 20 BREWING CO.NATURAL 20 BREWING CO,,,50.0,52.0,,,,86.0,,,,75.0,263.0
new maitland brewing llc,NEW MAITLAND BREWING LLC,,,,,,,1.99,2.32,1.44,0.57,0.08,0.16,6.5600000000000005
no boat brewing company,NOBOAT BREWING COMPANY,19.5,47.5,32.0,42.0,42.0,69.75,49.0,56.5,62.0,47.0,46.0,45.25,558.5
no drought brewing company,NO DROUGHT BREWING COMPANY,13.47,6.98,7.39,7.72,,,19.38,,22.82,,,13.27,91.03
no-li brewhouse,NO-LI BREWHOUSE,742.06,954.51,1113.38,1408.5700000000002,1056.81,1246.7,1396.96,1295.5,1409.41,1226.51,1029.92,1344.53,14224.86
north 47 brewing company,NORTH 47 BREWING CO.,18.0,18.0,26.0,8.5,16.0,18.0,21.0,20.0,24.0,15.0,19.5,9.0,213.0
north fork brewery,NORTH FORKNORTH FORK BARREL HOUSE & BEER SHRINE,27.29,22.84,34.48,29.32,33.06,28.55,45.32,48.45,37.74,28.869999999999997,26.0,27.61,389.53
north jetty brewing,NORTH JETTY BREWING,21.34,48.42,62.93,45.15,61.44,56.48,64.74,82.77,65.1,60.03,21.96,48.65,639.01
north sound brewing company,NORTH SOUND BREWING CO,20.35,25.52,28.86,25.51,28.53,31.55,30.54,32.7,28.34,28.36,24.02,23.69,327.97
northern ales,NORTHERN ALES,,3.27,13.0,14.35,,,15.02,11.5,,,38.3,11.5,106.94
northwest brewing company,NORTHWEST BREWERY WORKSNORTHWEST BREWING COMPANY,161.9,73.0,189.6,,59.3,,47.0,88.4,,-2.67,73.3,,689.8299999999999
northwest peaks brewery,NORTHWEST PEAKS BREWERY,10.0,12.0,12.0,16.0,,20.0,,,,,,,70.0
northwood public house and brewery,NORTHWOOD PUBLIC HOUSE AND BREWERY,,1.83,,7.25,,5.91,,,8.0,3.83,,2.0,28.82
nun chuck's brewing company,NUN CHUCKS BREWING,2.03,3.85,2.5,3.86,4.67,4.27,5.47,7.25,4.22,6.72,,11.54,56.379999999999995
obec brewing,OBEC BREWING,24.6,22.65,21.13,41.36,,116.65,50.34,56.23,51.27,36.38,51.04,41.31,512.96
odd otter brewing company,ODD OTTER BREWING COMPANY,,43.59,,,72.42,,,86.0,,,60.75,,262.76
odin brewing company,ODIN BREWING COMPANY,63.58,32.64,-0.13,150.87,52.0,69.0,46.0,71.0,85.6,41.0,39.0,,650.5600000000001
off camber brewing,OFF-CAMBER BREWING,,,26.44,,,33.79,,,,,,59.08,119.31
ogres brewing,OGRES BREWING,2.7,3.93,4.5,3.5,3.5,4.67,5.5,5.5,5.0,4.0,3.0,3.5,49.3
old schoolhouse brewery,OLD SCHOOLHOUSE BREWERY,,271.17,185.9,181.3,,150.39999999999998,155.10000000000002,407.36,,187.4,,235.6,1774.23
old stove brewing company,OLD STOVE BREWING COMPANY,173.49,120.47,109.55,231.49,241.14,310.66999999999996,204.31,256.68,159.51,148.66,125.22,111.82,2193.01
optimism brewing company,OPTIMISM BREWING,61.7,115.79,143.2,115.1,111.5,142.86,116.1,120.0,135.35,,236.98,89.7,1388.28
otherlands beer,OTHERLANDS BEER,,42.13,,33.12,,,98.33,,58.48,,86.31,,318.37
outer planet craft brewing,OUTER PLANET CRAFT BREWING,4.31,,10.42,4.39,5.4,6.58,6.64,5.59,5.53,6.43,4.98,4.84,65.10999999999999
outlander brewery and pub,OUTLANDER BREWERY AND PUB,14.0,7.32,,10.0,,19.0,21.15,6.88,4.0,3.5,,14.5,100.35
paper street brewing company,PAPER STREET BREWING COMPANY,,15.0,,,10.3,,,24.0,,,26.0,29.0,104.3
paradise creek brewery,PARADISE CREEK BREWERY,47.38,49.02,43.02,128.27,69.75,70.97,88.99,75.59,52.06,46.37,46.33,35.69,753.44
paramour brewing company,PARAMOUR BREWING CO.,3.0,,,,3.0,4.0,6.0,6.0,6.0,10.0,,9.0,47.0
pastime brewery,PASTIME BREWERY BAR & GRILL,3.85,5.04,5.74,8.58,9.14,8.23,9.14,8.0,6.4,8.37,5.27,8.82,86.58
peace of mind brewing,PEACE OF MIND BREWING,,,,0.5,,,5.0,,,,31.0,,36.5
peddler brewing company,PEDDLER BREWING COMPANY,15.52,7.5,-7.9,,,,,,,,,,15.12
penn cove brewing company,PENN COVE TAPROOMPENN COVE TAPROOM - FREELAND,26.16,29.34,51.36,33.02,46.669999999999995,57.59,142.57,112.0,99.79,46.66,39.63,21.59,706.3799999999999
perfect circle brewing,PERFECT CIRCLE BREWING,,5.83,,1.5,2.5,,4.5,8.5,3.0,,6.5,,32.33
perihelion brewery,PERIHELION BREWERY,19.71,33.93,12.64,5.9,60.63,31.79,19.74,26.58,38.27,27.89,34.63,20.61,332.31999999999994
perry street brewing,PERRY STREET BREWING COMPANY,53.0,42.5,42.5,29.0,37.25,64.0,35.5,46.0,42.0,45.5,29.5,57.0,523.75
pike brewing company,PIKE BREWING COMPANY AND LIBERTY MALT SUPPLY,264.72,222.27,300.07,307.71,301.03,527.75,349.19,375.46,468.11,508.14,420.38,367.06,4411.89
pint size brewing,PINT SIZE BREWING,2.34,3.06,3.52,2.33,3.63,2.3,0.63,2.51,2.67,2.67,,,25.659999999999997
port townsend brewing company,PORT TOWNSEND BREWING CO.,45.0,60.0,,,150.0,,375.0,,150.0,,90.0,,870.0
postdoc brewing,POSTDOC BREWING COMPANY,83.6,89.69,126.04,114.98,98.6,153.98,151.09,156.95,104.12,119.67,81.22,104.77,1384.71
potlatch brewing company,POTLATCH BREWING CO.,3.66,8.44,,6.1,27.42,,27.32,13.5,15.93,9.36,10.22,,121.95
powerhouse restaurant and brewery,POWERHOUSE RESTAURANT AND BREWERY,13.0,26.0,13.0,,78.0,13.0,26.0,19.5,26.0,6.5,13.0,19.5,253.5
precious things fermentation project,PRECIOUS THINGS FERMENTATION PROJECT,2.5,1.5,0.5,2.0,2.0,,3.25,2.0,1.0,1.5,1.33,0.5,18.08
propolis brewing,PROPOLIS BREWING,3.48,20.16,-1.34,28.72,11.98,23.64,13.54,26.4,12.07,17.36,9.86,16.11,181.97999999999996
quartzite brewing company,QUARTZITE BREWING COMPANY,2.34,,,5.83,7.83,8.33,9.25,9.17,9.0,8.08,6.92,6.75,73.5
quirk brewing,QUIRK BREWING,20.42,32.78,23.76,42.64,37.57,31.83,24.0,26.83,36.71,22.33,29.0,23.75,351.61999999999995
rail hop'n brewing company,RAIL HOPN BREWING CO,9.0,9.0,9.0,,13.5,9.0,,13.5,,,9.0,9.0,81.0
railside brewing,RAILSIDE BREWING,,21.0,,19.0,14.0,,24.0,,15.6,,17.55,,111.15
rainy daze brewing,RAINY DAZE BREWING COMPANY,44.5,81.33,104.83,96.25,99.25,115.17,97.17,112.5,93.33,94.0,77.0,80.0,1095.33
ram restaurant and brewery,RAM BREWERYRAM RESTAURANT & BREWERY,274.4,200.1,284.05,311.7,245.95,249.05,257.0,169.65,207.9,317.25,254.45,221.6,2993.1000000000004
rattlesnake mountain brewing company,RATTLESNAKE MOUNTAIN BREWING COMPANY,28.07,27.19,31.99,30.87,29.58,33.88,39.34,30.72,34.43,30.09,25.17,25.23,366.56
ravenna brewing company,RAVENNA BREWING COMPANY,159.3,,264.23,,279.05,,356.44,,286.65,,250.37,,1596.04
redhook brewlab,REDHOOK ALE BREWERY,12.67,,,,,14.67,50.33,,9.67,,,,87.34
remlinger farm brewery,REMLINGER FARMS,,,,,6.22,7.37,,40.0,7.37,,17.0,6.17,84.13
republic brewing company,REPUBLIC BREWING COMPANY,22.6,26.83,24.38,35.09,34.86,37.92,43.27,38.58,35.34,41.01,21.11,20.18,381.1700000000001
resonate brewery and pizzeria,RESONATE BREWERY + PIZZERIA,,39.35,,69.9,,48.95,,58.55,24.85,,59.25,29.45,330.3
reuben's brews,REUBENS BREWS,1705.85,1676.63,1933.15,2070.59,2077.57,2519.17,2303.8700000000003,2617.09,2433.18,1740.98,1709.3300000000002,1592.8,24380.210000000003
ridgefield craft brewing company,RIDGEFIELD CRAFT BREWING COMPANY,19.88,34.42,26.17,22.24,,94.73,29.36,48.92,30.23,,49.73,13.42,369.1
ridgeline brewing company,RIDGELINE BREWING COMPANY,,,,,,,,,16.0,7.0,10.0,1.0,34.0
river city brewing,RIVER CITY BREWING,25.52,,115.44,41.0,30.57,54.18,38.84,27.7,28.47,16.22,16.41,20.82,415.1700000000001
river mile 38 brewing company,RIVER MILE 38 BREWING CO,10.23,15.11,14.18,10.57,13.43,13.35,26.42,16.18,14.77,13.75,11.17,8.34,167.5
river time brewing,RIVER TIME BREWING,22.67,,,,35.03,,,26.3,,,24.17,,108.17
riverport brewing company,RIVERPORT BREWING,21.65,27.53,28.68,26.3,26.8,31.8,33.21,38.75,36.97,27.5,24.96,23.31,347.46000000000004
rocky coulee brewing,ROCKY COULEE BREWING COMPANY,3.98,2.74,2.35,10.64,4.25,4.0,1.23,3.06,8.92,4.96,3.39,1.25,50.77
rooftop brewing company,ROOFTOP BREWING COMPANY,50.97,67.29,82.42,96.54,,204.31,82.06,100.63,97.86,65.75,,69.14,916.97
rose garage brewing and taps,ROSE GARAGE,4.0,2.0,,4.0,,4.0,2.0,1.0,,4.0,2.0,,23.0
roslyn brewing company,ROSLYN BREWING COMPANY,,19.56,,20.66,,40.69,,51.01,18.83,,14.52,14.73,180.0
saal brewing company,SAAL BREWING,,5.96,3.41,2.14,3.41,5.34,4.26,,9.54,4.85,4.85,5.28,49.04
saddle rock pub and brewery,SADDLE ROCK PUB,5.61,12.07,,10.0,,14.06,6.16,8.0,7.94,6.0,7.74,5.97,83.55
sage brewing company,SAGE BREWING COMPANY,15.87,19.67,18.74,12.26,35.21,11.68,28.51,22.27,13.47,10.34,26.81,15.86,230.69000000000003
salish sea brewing company,THE SALISH SEA BREWING COMPANYSALISH SEA BREWING COMPANY,320.11,0.6600000000000037,,,227.99,,217.06,,182.42,,,131.68,1079.92
san juan island brewing company,SAN JUAN BREWING COMPANY,97.7,97.27,84.9,205.86,140.46,179.1,275.84,218.43,216.6,139.17,88.17,87.95,1831.45
savage brewing company,SAVAGE BREWING COMPANY,,,21.0,10.0,,21.0,14.0,,21.0,21.0,,28.0,136.0
scamp brewing company,SCAMP BREWING COMPANY,3.0,3.0,4.17,6.0,9.0,6.0,6.0,3.0,3.0,6.0,3.0,6.0,58.17
schooner exact brewing company,SCHOONER EXACT BREWING COMPANY,-37.89,2567.5,2582.51,848.41,1477.33,1873.63,-170.53,6889.21,-70.33,1843.76,513.11,712.39,19029.099999999995
scuttlebutt brewing company,SCUTTLEBUTT BREWING CO.,311.3,279.2,325.26,448.99,383.76,499.67,464.24,406.59,386.33,353.16,255.78,321.87,4436.150000000001
scythe brewing company,SCYTHE BREWING COMPANY,,,,,3.44,,3.9,25.89,,,29.3,,62.53
seapine brewing company,SEAPINE BREWING COMPANY,,809.56,,,642.5,,327.0,,682.59,,743.39,,3205.04
shellback brewing,SHELLBACK BREWING,0.64,0.16,0.5,,,0.96,1.0,2.0,0.66,0.8,1.0,0.8,8.52
shoug brewing company,SHOUG BREWING COMPANY,6.25,7.25,9.25,10.25,10.75,9.0,5.25,11.5,26.75,12.0,10.5,15.75,134.5
sig brewing company,SIG BREWING COMPANY,19.98,41.57,66.54,39.48,46.55,34.96,32.15,31.53,29.24,31.34,29.21,23.04,425.59
silver city brewery,SILVER CITY BREWERY,1248.72,1516.41,101.71,2372.86,2621.8,2218.78,1417.5,2169.09,1722.27,1524.62,1617.34,1591.01,20122.11
singing hops brewing company,SINGING HOPS BREWING COMPANY,3.93,10.66,,4.11,6.18,4.16,9.35,10.7,1.59,6.67,1.94,0.83,60.12
single hill brewing company,SINGLE HILL BREWING COMPANY,93.87,154.41,155.59,147.89,139.98,203.69,163.61,174.96,221.07,151.37,122.77,134.99,1864.2
skep brewing company,SKEP BREWING COMPANY,0.42,0.71,1.74,0.99,1.27,0.58,1.0,1.9,1.31,1.04,1.11,1.37,13.44
skookum brewery,SKOOKUM BREWERY,118.41,97.58,113.01,91.34,157.83,99.47,106.25,123.97,96.47,65.59,91.6,110.31,1271.83
slaughter county brewing company,SLAUGHTER COUNTY BREWING COMPANY,41.0,,32.0,,,43.0,,,,,,,116.0
slippery pig brewing,SLIPPERY PIG BREWERY,15.0,22.5,27.0,19.5,18.0,24.0,18.0,22.5,15.0,15.0,21.0,18.0,235.5
snapshot brewing,SNAPSHOT BREWING,3.55,7.65,,7.58,3.06,,2.16,,8.67,,5.0,4.7,42.370000000000005
snoqualmie falls brewing company,SNOQUALMIE FALLS BREWERY AND TAPROOM,,250.76,119.98,,167.0,102.4,95.99,103.69,94.28,,68.25,125.32,1127.6699999999998
snotown brewery,SNOTOWN BREWERY,5.99,7.33,10.64,14.15,14.16,4.8,12.83,6.33,6.16,4.99,5.16,8.42,100.96
snow eater brewing company,SNOW EATER BREWING COMPANY,,,,,67.58,,,,,151.35,,,218.93
sound to summit brewing,SOUND2SUMMIT BREWERY,26.16,35.83,40.99,30.95,40.41,38.33,33.75,46.32,49.84,61.5,31.92,20.83,456.8299999999999
spada farmhouse brewery,SPADA FARMHOUSE BREWERY,27.0,18.0,36.0,,33.0,24.0,-12.0,15.0,18.0,9.0,15.0,24.0,207.0
spokanite brewing,SPOKANITE BREWING COMPANY,,,,,,5.0,,10.93,4.93,4.25,4.25,4.5,33.86
square wheel brewing company,SQUARE WHEEL BREWING,3.42,1.5,4.25,12.25,7.25,13.75,8.5,11.63,10.75,0.25,,,73.55000000000001
squirrel fight artisan brewing,SQUIRREL FIGHT ARTISAN BREWING,4.75,,15.75,7.25,6.25,,,,,,,,34.0
standard brewing,STANDARD BREWING,44.56,43.14,59.79,45.98,53.88,41.0,,86.6,39.45,29.81,40.41,35.56,520.18
steam donkey brewing company,STEAM DONKEY BREWING COMPANY,,25.75,15.25,17.66,,36.87,21.82,,47.23,18.0,,35.57,218.15
stemma brewing company,STEMMA BREWING,-13.44,230.3,130.16,114.27,179.86,140.32,123.83,163.67,172.39,163.11,194.6,99.72,1698.79
stones throw brewery,STONES THROW BREWERY,25.36,,73.4,,92.86,48.6,49.54,43.51,43.0,,70.95,28.0,475.22
stormy mountain brewing,STORMY MOUNTAIN BREWING,,10.5,8.0,7.5,9.0,5.5,12.5,4.0,9.0,7.5,4.5,6.0,84.0
stoup brewing,STOUP BREWING,301.94,420.3,480.97,448.93,466.55,566.31,481.77,523.95,542.94,480.2,371.95,391.1,5476.91
structures brewing,STRUCTURES BREWING,95.5,80.5,129.0,91.5,99.0,117.0,98.0,85.5,108.0,104.0,89.0,96.0,1193.0
sumerian brewing company,SUMERIAN BREWING CO.,51.2,33.03,100.53,,63.39,106.21,58.15,52.29,,49.8,43.63,92.23,650.46
swinnerton brewery,SWINNERTON BREWERY,,,,,,,1.0,,,,,,1.0
taneum creek brewing,TANEUM CREEK BREWING,10.1,2.93,7.34,5.55,7.21,4.82,2.5,,,,,,40.45
temperate habits brewing company,TEMPERATE HABITS BREWING COMPANY,6.0,15.0,18.0,22.0,12.0,12.0,15.0,12.0,12.0,12.0,18.0,,154.0
ten pin brewing company,TEN PIN BREWING,97.56,66.05,88.05,139.53,129.23,124.18,189.65,132.24,111.24,58.37,106.16,40.71,1282.97
terramar brewing and distilling,TERRAMAR,18.29,13.31,34.78,37.73,30.27,31.14,46.04,38.11,40.57,45.14,19.24,22.48,377.1
the good society brewery,THE GOOD SOCIETY,19.29,27.88,29.0,28.32,30.96,27.7,27.06,34.83,36.3,32.95,19.51,22.05,335.85
the grain shed,THE GRAIN SHED,8.91,16.5,15.83,,29.33,47.62,18.42,8.67,19.25,18.17,,37.08,219.78000000000003
the heavy metal brewing company,THE HEAVY METAL BREWING CO,,21.5,,21.25,,20.75,,,58.25,,37.0,,158.75
the hidden mother brewery,THE HIDDEN MOTHER BREWERY,48.14,1.0,,,-3.38,,,,,,,,45.76
the station u-brew,THE STATION U-BREW,8.71,9.03,12.26,9.36,9.36,7.74,6.78,4.84,10.0,7.42,7.42,9.03,101.95
thirsty crab brewery,THIRSTY CRAB BREWERY,12.0,9.0,12.0,25.0,,26.0,41.0,16.0,29.0,,13.0,9.0,192.0
three bull brewing,THREE BULL BREWING CO,4.56,2.23,3.99,5.97,3.04,4.13,5.89,12.2,3.33,4.34,3.94,2.18,55.8
three magnets brewing,THREE MAGNETS BREWING COMPANY,,,,,129.63,208.1,41.09,175.46,93.64,22.1,228.27,,898.29
timber monster brewing,TIMBER MONSTER BREWING COMPANY,8.0,,,,,,,,,,,,8.0
timber patch brewing,TIMBER PATCH BREWING,4.5,6.16,6.66,6.0,7.65,7.14,8.16,10.96,9.44,6.46,5.82,5.46,84.41
tin dog brewing,TIN DOG BREWING,3.56,3.17,3.23,4.22,10.4,11.15,,14.76,4.16,4.69,2.26,,61.599999999999994
top down brewing company,TOP DOWN BREWING COMPANY,15.79,,36.38,15.81,15.07,16.91,24.08,17.4,14.33,17.66,12.29,13.26,198.98
top frog brewery,TOP FROG BREWERY,2.25,4.0,4.25,4.0,2.75,5.5,3.0,2.5,4.0,2.0,2.75,6.0,43.0
top knot brewing,TOP KNOT BREWING,,,,,1.94,2.33,7.5,,,4.0,1.25,5.6,22.62
top rung brewing company,TOP RUNG BREWING COMPANY,37.29,37.7,57.17,,96.54,68.3,52.55,54.41,52.45,51.61,44.71,37.92,590.6500000000001
trap door brewing,TRAP DOOR BREWING,42.88,42.11,47.33,63.65,49.83,67.26,57.58,69.84,96.7,62.74,-0.39,120.67,720.2
triceratops brewing company,TRICERATOPS BREWING COMPANY,44.75,25.45,38.87,55.61,,,72.52,,32.15,51.82,,47.12,368.29
triple r brewing,TRIPLE R BREWERY,,2.16,0.66,1.5,1.0,0.5,1.0,,1.5,2.0,1.5,2.16,13.98
triplehorn brewing company,TRIPLEHORN BREWING CO,60.0,60.0,55.0,45.09,,87.0,65.0,59.0,62.0,80.0,56.0,51.0,680.09
trusty brewing company,TRUSTY BREWING COMPANY,,13.58,,,3.75,2.33,,,,,,,19.66
tt's old iron brewery,TTS OLD IRON BREWERY & BBQ,7.4,9.2,19.4,20.21,,57.8,13.0,25.0,23.2,19.2,20.0,25.48,239.89
twin sisters brewing company,TWIN SISTERS BREWING COMPANY,57.11,109.04,108.02,121.08,134.21,143.22,142.62,99.6,93.03,87.67,83.07,62.79,1241.46
two beers brewing company,TWO BEERS BREWING COMPANY,133.1,109.67,153.65,153.65,182.61,194.9,203.75,247.76,259.35,183.0,180.05,154.85,2156.34
uprise brewing company,UPRISE BREWING COMPANY,,,,,,,1.7,58.29,48.72,43.92,33.34,34.37,220.34
urban family brewing company,URBAN FAMILY BREWING COMPANY,153.83,135.95,214.11,,360.03,260.18,248.38,254.16,,323.29,152.9,111.19,2214.02
v twin brewing company,V TWIN BREWING COMPANY,1.79,,9.43,,,,8.17,,3.28,,,,22.67
valhöll brewing company,VALHOLL BREWING COMPANY,27.2,27.36,44.61,39.47,45.09,45.59,53.48,56.89,52.39,29.61,21.95,33.49,477.13000000000005
valley brewing company,VALLEY BREWING COMPANY,23.08,24.03,40.81,,38.78,32.43,79.68,,66.6,,53.38,,358.78999999999996
valley house brewing company,VALLEY HOUSE BREWING COMPANY,16.8,18.4,14.5,22.0,28.6,32.1,23.6,22.1,16.8,21.7,,36.6,253.2
varietal beer company,VARIETAL BEER COMPANY,,193.7,110.67,,187.34,158.55,,321.64,146.97,,256.27,,1375.14
vashon brewing,VASHON BREWING LLC,2.17,2.17,,8.28,5.68,,17.32,5.83,7.34,2.75,1.79,,53.33
vice beer,VICE BEER,,,,,,,10.17,,-0.39,,68.25,,78.03
victor 23 craft brewery,VICTOR 23 BREWING,14.15,7.71,42.9,48.53,14.22,27.6,46.76,38.15,62.0,9.25,15.0,38.89,365.16
volition brewing company,VOLITION BREWING COMPANY,13.59,,,17.78,83.38,,20.36,,20.62,84.98,25.58,,266.29
wander brewing,WANDER BREWING,107.96,136.75,199.87,182.97,183.47,175.19,177.33,220.62,166.52,134.83,144.36,106.86,1936.73
wandering hop brewery,WANDERING HOP,12.95,17.29,43.040000000000006,27.68,28.07,32.96,17.54,25.94,20.59,34.730000000000004,19.69,20.66,301.14
water buffalo brewery,WATER BUFFALO BREWERY,0.58,1.44,3.75,0.89,3.16,6.05,8.21,6.2,6.09,4.06,1.33,1.3,43.06
watts brewing company,WATTS BREWING CO.,,1.67,,,0.17,,3.33,11.33,22.83,18.17,16.33,19.35,93.18
well 80 brewing company,WELL 80 ARTESIAN BREWING COMPANY,27.08,39.42,35.59,41.23,45.62,27.75,40.5,30.92,44.75,34.58,13.83,32.57,413.84
wenatchee valley brewing company,WENATCHEE BREWING CO,19.0,22.0,32.0,37.5,41.17,40.91,38.33,52.8,,62.15,15.3,15.49,376.65
west seattle brewing company,WEST SEATTLE BREWING CO,4.72,,,25.8,,48.62,,48.12,,,22.03,13.07,162.36
western red brewing,WESTERN RED BREWING,108.11,55.45,75.32,,144.67,93.73,66.88,,172.32,,108.82,43.15,868.4499999999998
wet coast brewing company,WET COAST BREWING COMPANY,60.44,59.63,,181.47,92.57,97.03,101.69,89.16,79.01,71.17,62.55,64.36,959.0799999999998
wheelie pop brewing,WHEELIE POP BREWING,,11.67,27.86,16.2,28.38,29.9,34.34,32.59,47.37,35.71,32.68,27.08,323.78
whipsaw brewing,WHIPSAW BREWING,30.589999999999996,36.25,58.02,84.17,89.36,128.14,97.99,132.65,138.51,131.32999999999998,117.2,69.48,1113.69
whistle punk brewing company,WHISTLE PUNK BREWING,23.33,16.33,29.17,32.0,31.67,25.0,25.0,32.17,19.5,32.67,25.17,19.5,311.51000000000005
white bluffs brewing,WHITE BLUFFS BREWING,95.68,109.82,107.8,106.39,104.73,135.97,79.97,113.58,123.82,96.2,87.19,114.72,1275.87
whitewall brewing company,WHITEWALL BREWING,20.64,28.39,39.96,16.82,35.7,22.75,30.91,31.59,27.49,22.26,19.73,27.71,323.95
wicked teuton brewing company,WICKED TEUTON BREWING COMPANY,6.0,5.5,6.67,5.0,7.75,9.5,8.83,5.5,7.83,6.55,7.67,,76.8
wild man brewing company,WILD MAN BREWING COMPANY,12.96,9.65,8.21,8.22,10.44,14.63,8.84,16.62,12.2,12.94,10.64,9.27,134.62
wild oak project,LOST BEAR BREWS,,0.15,,,0.23,,,,,,,,0.38
wildland cooperative,WILDLAND COOPERATIVE,,,,,1.66,0.31,2.31,,5.0,,9.65,,18.93
willapa brewing company,WILLAPA BREWING CO,2.67,6.82,5.16,9.14,6.48,9.3,1.98,8.62,6.81,9.43,4.47,3.84,74.72
yakima craft brewing company,YAKIMA CRAFT BREWING CO.,37.83,30.47,35.62,22.31,29.2,48.07,32.86,25.91,20.24,25.01,,5.5,313.02
yaya brewing company,YAYA BREWING COMPANY,54.0,45.23,103.06,56.0,52.98,85.67,73.49,72.06,46.59,67.73,90.8,62.34,809.95
yoked farmhouse and brewery,YOKED FARMHOUSE BREWERY,9.98,23.64,,,33.53,,35.92,,64.87,,,30.7,198.64
