BreweryInWAList,Brewery,4,8,12,2,1,7,6,3,5,11,10,9,total
192 brewing company,192 BREWING COMPANY,0.0,0.33,0.0,0.5,0.0,0.0,0.0,0.0,0.0,0.0,0.0,0.0,0.8300000000000001
20 corners brewing company,20 CORNERS BREWING,72.33,209.93,106.5,104.64,0.0,0.0,0.0,147.98,0.0,75.86,0.0,132.3,849.54
23rd ave brewery,23RD AVE BREWERY,0.0,0.0,0.0,0.0,0.0,5.0,4.78,0.0,2.0,0.0,14.0,1.0,26.78
4 stitch brewing company,4 STITCH BREWING CO.,0.0,3.4,0.0,2.0,0.0,1.46,0.0,1.25,4.72,0.0,0.0,0.0,12.829999999999998
45 degree brewhouse,45 DEGREE BREWHOUSE,0.0,0.0,31.13,0.0,0.0,0.0,0.0,0.0,0.0,0.0,0.0,7.09,38.22
5 north brewing company,5 NORTH BREWING COMPANY,28.27,23.14,14.83,28.48,26.14,25.81,22.47,25.83,24.65,16.04,13.17,18.49,267.32
5 rights brewing company,5 RIGHTS BREWING LLC,34.08,38.5,67.9,0.0,26.52,81.0,0.0,52.03,34.77,34.33,32.83,0.0,401.96
54°40' brewing company,54-40 BREWING COMPANY,0.0,0.0,-1.82,329.07,0.0,160.46,171.2,132.42,242.45,-0.5,355.19,0.0,1388.47
5th line brewing company,5TH LINE BREWING CO.,6.78,5.96,7.13,4.78,4.7,10.18,14.38,7.79,5.78,7.12,9.21,7.05,90.86
7 seas brewing company,7 SEAS BREWING,481.85,563.28,432.0,336.01,315.96,609.43,544.22,305.77000000000004,442.82,276.61,417.86,416.25,5142.0599999999995
acorn brewing,ACORN BREWING,19.85,38.14,21.58,0.0,17.56,0.0,21.58,35.22,19.85,19.72,19.68,19.55,232.73000000000002
airways brewing company,AIRWAYS BREWING COMPANY,59.13,65.24,48.28,47.15,34.16,63.67,55.17,54.68,52.93,60.89,63.45,74.75,679.5000000000001
ale spike camano island brewing,ALE SPIKE,5.25,6.75,3.41,4.1,1.94,6.57,6.56,6.45,6.25,5.96,5.82,5.25,64.31
anacortes brewery,ANACORTES BREWERY,62.8,67.5,19.9,4.6,11.1,66.1,55.5,34.4,39.65,31.0,44.56,70.55,507.65999999999997
ancient lakes brewing company,TWENTY-EIGHT TEN LLC,1.73,1.62,7.93,1.95,4.43,0.0,2.14,0.76,4.26,0.0,0.0,0.9,25.72
another round brewing company,ANOTHER ROUND BREWING CO,12.57,14.81,9.94,0.0,0.0,11.72,13.0,11.63,13.29,12.59,10.93,15.18,125.66000000000003
ashtown brewing company,ASHTOWN BREWING COMPANY,8.32,8.3,8.36,8.64,8.3,16.94,0.0,11.75,7.43,7.31,16.11,0.0,101.46000000000002
aslan brewing company,ASLAN BREWING COMPANY,472.59,624.47,360.64,329.33,362.67,502.5,557.23,483.91,394.46,404.17,366.27,356.63,5214.87
at large brewing,AT LARGE BREWING AND TAPROOM,28.0,25.33,13.02,14.67,13.84,21.16,21.33,15.5,12.83,12.17,11.34,10.0,199.19
atomic ale brewpub and eatery,ATOMIC ALE BREWPUB & EATERY,14.2,0.0,3.3,22.4,11.5,12.0,30.3,16.0,0.0,36.55,0.0,22.6,168.85
atwood farm brewery,ATWOOD ALES,0.0,9.23,10.67,7.71,0.0,6.48,11.79,5.42,11.71,7.7,0.0,6.61,77.32
audacity brewing,AUDACITY BREWING,8.8,12.23,6.48,5.83,8.33,8.45,4.32,2.59,10.03,4.5,7.13,8.5,87.19
backwoods brewing company,BACKWOODS BREWING COMPANY,210.97,280.54999999999995,229.86,162.26,148.47,229.94,275.74,246.93,201.53,140.69,255.23,281.01,2663.1800000000003
bad jimmy's brewing company,BAD JIMMYS BREWERY,64.46,22.83,9.0,15.1,0.0,25.99,26.99,20.0,22.4,5.0,8.66,16.5,236.92999999999998
badass backyard brewing,BADASS BACKYARD BREWING,3.0,4.5,9.0,3.0,0.0,4.5,2.0,0.0,0.0,0.0,0.0,1.0,27.0
badger mountain brewing company,BADGER MOUNTAIN BREWING,22.59,21.66,21.25,0.0,11.0,28.64,28.74,43.1,29.4,14.06,11.61,26.81,258.86
bainbridge brewing company,BAINBRIDGE ISLAND BREWING,92.48,104.54,71.56,58.44,62.22,113.68,83.22,79.15,83.84,68.35,100.46,91.84,1009.7800000000001
bale breaker brewing company,BALE BREAKER BREWING COMPANY,1900.88,2282.84,1416.19,1276.72,1535.06,2302.83,2140.11,1822.97,1802.26,2088.51,1536.51,1709.75,21814.629999999994
bardic brewing and cider,BARDIC BREWING,3.91,0.0,8.12,1.88,3.32,1.79,3.49,0.0,0.0,0.0,0.0,4.93,27.439999999999998
barhop brewing,BARHOP BREWING,51.0,0.0,35.88,42.0,0.0,57.0,117.0,83.0,0.0,52.03,82.83,70.0,590.74
barley pop! brewing,BARLEY POP! BREWING,0.0,0.0,1.5,0.0,0.0,3.0,3.5,0.0,0.0,1.85,0.85,2.43,13.129999999999999
barlow's brewery,BARLOWS BREWERY,0.67,0.0,0.0,0.0,5.48,0.0,0.0,0.0,0.0,0.0,0.0,0.0,6.15
barrel mountain brewing,BARREL MOUNTAIN BREWING,153.19,209.85,121.47,111.75,106.29,143.91,183.67,167.61,191.01,152.74,150.98,156.76,1849.23
bastion brewing company,BASTION BREWING COMPANY,0.0,85.4,57.3,0.0,0.0,113.55,0.0,0.0,0.0,0.0,51.4,0.0,307.65
beach cat brewing,BEACH CAT BREWING,18.0,0.0,13.5,21.0,0.0,52.5,0.0,16.0,46.5,23.0,18.0,71.0,279.5
beardslee public house,BEARDSLEE PUBLIC HOUSE,27.5,57.5,53.0,37.0,32.5,50.0,39.5,52.0,55.5,29.5,30.0,44.5,508.5
bellevue brewing company,BELLEVUE BREWING COMPANYBELLEVUE BREWING COMPANY SPRING DISTRICT BREW,73.89,69.48,120.66,57.15,40.89,114.79,60.8,69.68,65.29,94.34,88.03999999999999,123.56,978.57
bellwether brewing company,BELLWETHER BREWING COMPANY,13.16,11.83,16.16,23.66,7.0,14.67,22.66,12.33,19.67,20.0,19.16,21.84,202.14
bennidito's brewpub,BENNIDITOS BREW PUB,35.0,0.0,31.38,19.89,37.01,14.66,37.16,36.38,44.0,0.0,45.76,72.86,374.1
bent bine brewing company,BENT BINE BREW CO,9.5,51.6,0.0,39.3,0.0,0.0,11.92,0.0,0.0,24.8,0.0,0.0,137.12
berchmans brewing company,BERCHMANS BREWING COMPANY,0.0,0.0,0.0,0.0,0.0,0.0,0.0,1.0,0.0,1.0,1.0,0.0,3.0
best of hands barrelhouse,BEST OF HANDS BARRELHOUSE,18.89,10.26,0.0,10.25,15.25,29.88,18.28,17.57,13.31,15.16,16.92,23.33,189.09999999999997
bickersons brewhouse,BICKERSONS BREWHOUSE LLCBICKERSONS BREWHOUSE,18.25,62.85,19.77,24.05,11.61,34.79,28.009999999999998,16.28,29.08,21.28,61.94,42.11,370.02
big block brewing,BIG BLOCK BREWING,25.39,43.58,8.71,55.26,36.06,37.26,58.61,53.65,48.1,46.52,43.19,54.39,510.71999999999997
big house brewpub,BIG HOUSE BREW PUB,0.0,0.0,42.0,21.0,39.0,0.0,28.0,21.0,49.0,0.0,0.0,67.0,267.0
big time brewery,BIG TIME BREWING COMPANY,0.0,97.5,0.0,83.5,0.0,120.95,0.0,54.75,57.25,94.25,0.0,62.0,570.2
birdsview brewing company,BIRDSVIEW BREWING CO,26.6,19.1,19.7,32.7,20.2,37.6,26.4,24.8,13.3,19.5,12.0,33.3,285.20000000000005
bizarre brewing,BIZARRE BREWING,0.0,0.0,30.88,0.0,0.0,0.0,0.0,0.0,0.0,21.97,27.51,0.0,80.36
black fleet brewing,BLACK FLEET BREWING,13.51,22.1,11.05,12.94,9.42,17.08,15.74,11.94,16.44,9.56,11.98,14.67,166.42999999999998
black label brewing company,BLACK LABEL BREWING COMPANY,12.5,0.0,0.0,0.0,0.0,32.0,0.0,8.0,0.0,0.0,40.5,0.0,93.0
black raven brewing company,BLACK RAVEN BREWING COMPANY,1590.1599999999999,904.37,684.23,1194.46,-10.54,1774.7800000000002,-5.95,21.73,878.0899999999999,-7.05,1888.28,-6.81,8905.75
blackbeard's brewing company,BLACKBEARDS BREWING COMPANY,32.0,50.0,0.0,24.0,8.0,16.0,24.0,0.0,24.0,0.0,8.0,17.5,203.5
blewett brewing company,BLEWETT BREWING COMPANY,21.85,43.25,28.0,16.6,15.1,39.05,34.1,18.4,22.45,22.5,31.6,45.3,338.2
bombing range brewing company,BOMBING RANGE BREWING COMPANY,48.02,41.12,40.44,45.1,40.66,47.31,50.47,46.87,44.79,39.98,45.88,47.71,538.35
bottle bay brewing company,BOTTLE BAY BREWING CO.,0.0,0.0,0.0,4.0,0.0,0.0,46.0,0.0,0.0,0.0,80.0,0.0,130.0
boundary bay brewery,BOUNDARY BAY BREWERY AND BISTRO,559.19,461.11,340.11,416.68,304.31,577.56,613.18,495.1,458.02,372.26,477.46,538.55,5613.530000000001
breakthru brewing company,BREAKTHRU BREWING COMPANY,4.0,12.0,10.0,11.5,15.0,4.5,4.5,0.0,8.0,8.0,11.0,0.0,88.5
brewbakers brewing company,BREW BAKERS,1.5,2.0,0.0,2.5,1.5,3.0,1.5,1.5,2.0,1.0,3.0,2.0,21.5
brick west brewing company,BRICK WEST BREWING,154.67,154.63,163.09,110.65,153.33,184.62,223.45,201.44,182.94,113.69,198.86,193.33,2034.7000000000003
bron yr aur brewing company,BRON YR AUR FRUIT & PRODUCE,21.75,32.02,18.54,20.17,20.17,28.44,26.7,27.5,25.92,10.32,24.04,24.14,279.71000000000004
brother ass brewing,BROTHER ASS BREWING,3.02,7.39,4.53,14.37,4.29,6.33,8.65,0.0,7.03,7.33,4.28,5.91,73.13
brothers cascadia brewing,BROTHERS CASCADIA BREWING,0.0,72.43,72.81,127.43,98.21,105.48,124.47,115.64,195.27,92.9,84.7,98.12,1187.46
bugu brewing company,BUGU BREWING COMPANY,4.94,11.49,5.7,3.44,1.65,0.0,4.27,2.46,3.94,4.06,4.05,4.29,50.29
burke-gilman brewing company,BURKE-GILMAN BREWING COMPANY,277.84,0.0,17.9,33.1,34.2,83.3,0.0,0.0,28.7,0.0,57.4,51.5,583.9399999999999
burwood brewing company,BURWOOD BREWING COMPANY,44.54,49.02,34.09,38.49,30.95,46.96,72.16,46.22,51.73,39.67,36.3,56.25,546.3800000000001
byron street brewery,BYRON ST BREWERY,0.0,0.0,2.5,0.0,0.0,0.0,0.0,0.0,0.0,4.0,5.5,2.5,14.5
cairn brewing,CAIRN BREWING,28.5,38.0,12.5,10.5,26.0,33.0,31.0,43.5,43.5,31.5,34.0,36.0,368.0
camas brewing company,CAMAS BREWING CO,0.0,23.5,0.0,0.0,0.0,0.0,0.0,18.0,-1.25,0.0,9.58,8.75,58.58
camp colvos brewing,CAMP COLVOS BREWING,37.9,48.8,29.9,55.8,0.0,93.8,0.0,32.6,41.9,66.4,0.0,43.7,450.7999999999999
captain's brewing company,CAPTAINS BREWING COMPANY,0.42,0.0,0.0,0.5,0.17,0.0,0.42,0.42,0.42,0.0,0.0,0.32,2.67
cardinal craft brewing,CARDINAL CRAFT BREWING,0.0,0.0,0.0,13.0,0.0,0.0,5.0,0.0,0.0,6.0,1.0,1.0,26.0
chainline brewing company,CHAINLINE BREWERY,139.59,179.1,84.98,123.38,66.74,136.94,262.77,126.59,-0.29,95.47,88.73,161.48,1465.48
chaos bay brewing company,CHAOS BAY BREWING CO.,0.0,0.0,4.0,0.0,0.0,0.0,0.0,0.0,0.0,5.0,7.0,0.0,16.0
chief spring's fire and irons brewpub,CHIEF SPRINGS FIRE & IRONS BREW PUB,9.71,10.83,10.7,21.87,0.0,11.41,18.56,13.36,9.97,17.52,0.0,10.72,134.65
chuckanut brewery,CHUCKANUT BREWERY,291.1,457.6,252.11,283.3,263.4,349.3,389.8,465.2,351.45,591.3,-1.5,322.6,4015.6600000000003
cloudburst brewing,CLOUDBURST BREWING,175.84,196.28000000000003,150.56,159.64,139.42000000000002,166.44,181.92000000000002,181.46,167.88,147.81,164.29,168.52,2000.06
cole street brewery,COLE STREET BREWERY,2.6,0.0,0.0,0.0,2.0,9.0,0.0,2.0,0.0,0.0,0.0,0.0,15.6
common language brewing company,COMMON LANGUAGE BREWING COMPANY,15.0,22.0,4.5,0.0,0.0,50.0,3.0,47.0,22.5,13.0,42.0,10.0,229.0
counterbalance brewing company,COUNTERBALANCE BREWING COMPANY,39.02,37.41,0.0,40.84,27.28,28.46,42.68,39.74,36.39,0.0,13.58,25.27,330.66999999999996
cowiche creek brewing company,COWICHE CREEK BREWING COMPANY,96.99,117.11,5.17,37.5,59.66,36.0,46.0,48.5,43.49,16.0,31.67,69.66,607.7499999999999
crane's castle brewing company,CRANES CASTLE BREWING,8.33,9.38,8.04,7.78,7.2,9.95,9.47,10.53,9.7,7.53,9.5,7.7,105.11000000000001
crooked label brewing company,CROOKED LABEL BREWING COMPANY,6.0,12.0,9.0,6.0,6.0,9.0,9.0,6.0,6.0,12.0,12.0,12.0,105.0
crossbuck brewing,WALLA WALLA STEAK CO/CROSS BUCK BREWING,22.11,103.23,21.77,10.34,16.69,42.34,0.0,18.87,21.68,12.47,20.7,26.51,316.71
crossed arrows brewery,CROSSED ARROWS BREWERY,0.0,0.0,1.0,0.0,0.0,0.0,0.0,0.0,0.0,0.0,0.0,0.0,1.0
crucible brewing company,CRUCIBLE BREWING COCRUCIBLE BREWING CO.,131.26,92.25,263.27,110.51,49.92,212.22,0.0,133.32999999999998,167.38,67.28,0.0,90.06,1317.48
cursed brewing,CURSED BREWING,0.0,0.0,-3.06,0.0,0.0,0.0,0.0,0.0,0.0,4.78,4.78,0.0,6.5
darach brewing company,DARACH BREWING COMPANY,0.0,0.0,5.5,0.0,0.0,0.0,0.0,0.0,0.0,0.0,0.0,0.0,5.5
decibel brewing company,DECIBEL BREWING CO,0.0,0.0,4.52,6.02,0.0,0.0,0.0,0.0,0.0,0.0,0.0,0.0,10.54
deep draft brewing,DEEP DRAFT BREWING,15.57,21.93,10.34,14.26,12.13,25.46,23.17,18.58,19.88,17.06,16.5,20.99,215.87
diamond knot brewing company,DIAMOND KNOT BREWING COM.DIAMOND KNOT BREWPUB @ MLT,296.93,370.69,183.75,214.13,207.84,274.73,308.92,375.71,367.95,311.28000000000003,282.43,279.6,3473.9599999999996
dick's brewing company,DICKS BREWING COMPANY,135.35,0.0,32.27,89.05,208.76,0.0,101.57,0.0,0.0,91.68,0.0,197.75,856.4300000000001
dirty couch brewing,DIRTY COUCH BREWING,33.12,0.0,0.0,0.0,0.0,0.0,17.28,0.0,0.0,61.86,0.0,0.0,112.25999999999999
discovery bay brewing,DISCOVERY BAY BREWING,10.45,13.36,6.3,6.56,7.1,14.37,11.19,9.29,11.77,4.74,9.48,11.2,115.81
district brewing,DISTRICT BREWING,71.86,96.51,63.05,30.38,25.36,103.2,139.61,118.03,72.95,113.79,82.53,66.87,984.14
doghaus brewery,DOGHAUS BREWERY,9.0,17.25,7.0,10.25,3.75,13.25,17.25,5.75,11.5,4.25,14.0,16.25,129.5
doomsday brewing company,DOOMSDAY BREWING COMPANY,33.5,41.5,27.0,30.5,31.0,36.5,37.5,39.0,31.0,32.0,32.0,34.0,405.5
double bluff brewing company,DOUBLE BLUFF BREWING,14.03,14.35,6.77,9.35,8.23,16.94,12.58,14.84,14.03,12.1,11.29,12.42,146.92999999999998
downpour brewing,DOWNPOUR BREWING,12.0,12.0,0.0,21.0,0.0,0.0,15.0,12.0,12.0,24.0,0.0,24.0,132.0
dreadnought brewing,DREADNOUGHT BREWING,0.0,0.0,0.0,4.0,4.5,8.5,0.0,5.5,9.5,9.0,0.0,8.5,49.5
dru bru,DRU BRU,302.57000000000005,466.01,365.75,302.96,206.37,433.26,442.43,337.66,327.28999999999996,360.73,314.67,519.14,4378.84
dubtown brewing company,DUBTOWN BREWING COMPANY,14.5,19.0,9.5,19.0,5.0,4.5,9.5,4.5,19.0,19.0,14.5,5.0,143.0
dunagan irish pub and brewery,DUNAGAN BREWING CO.,4.5,0.0,0.0,0.0,0.0,3.0,0.0,5.5,0.0,0.0,6.0,0.0,19.0
dungeness brewing company,DUNGENESS BREWING COMPANY,0.0,0.0,0.0,0.0,0.0,0.0,0.0,0.0,0.0,0.0,0.8,0.8,1.6
dwinell country ales,DWINELL COUNTRY ALE,8.1,17.94,0.41,10.8,1.52,6.8,6.24,6.26,7.28,4.52,7.81,8.3,85.97999999999999
dystopian state brewing company,DYSTOPIAN STATE BREWING CO.,0.0,45.1,25.8,0.0,50.5,0.0,0.0,7.8,40.4,0.0,0.0,0.0,169.6
e2w brewing,E2W BREWING,2.0,0.0,0.0,2.42,1.75,0.0,4.85,3.09,0.0,0.0,0.0,0.0,14.11
e9 brewing company,E9 BREWING CO,225.03,232.84,232.3,187.39,142.89,218.46,230.98,221.89,208.38,192.9,180.98,1160.95,3434.99
echoes brewing company,ECHOES BREWING COMPANY LLC,28.83,47.59,31.84,16.83,17.85,38.18,34.09,35.91,31.35,40.55,43.83,39.53,406.38
elk head brewing company,ELK HEAD BREWING,30.83,28.1,29.31,26.69,21.29,32.03,28.77,30.25,26.7,25.19,24.41,29.58,333.15000000000003
elliott bay brewing company,ELLIOTT BAY BREWHOUSE & PUBELLIOTT BAY PUBLIC HOUSE & BREWERYELLIOTT BAY BREWERY & PUB,157.62,122.91999999999999,116.56,105.9,95.7,95.1,176.54,133.0,87.10000000000001,95.73,74.3,103.38,1363.85
elysian brewing,ELYSIAN BREWING COMPANY,2182.4,1545.98,732.5,780.65,874.69,1211.8,947.41,-101.03,1447.5,507.17,1627.5,1207.3,12963.87
everybody's brewing,EVERYBODYS BREWING,278.26,409.67,187.26,200.68,184.47,284.98,313.73,320.71,295.38,276.42,206.14,313.55,3271.2500000000005
explorer brewing company,EXPLORER BREWING COMPANY,8.91,12.71,18.86,8.75,8.2,11.2,10.03,10.56,7.98,0.0,6.46,12.38,116.03999999999999
fair isle brewing,FAIR ISLE BREWING,42.56,61.92,25.05,20.99,35.06,36.94,104.07,50.87,33.26,52.3,46.95,0.0,509.97
farmstrong brewing company,FARMSTRONG BREWING COMPANY,104.67,213.71,378.68,73.98,85.7,154.8,163.76,153.2,165.96,0.0,0.0,0.0,1494.46
fast fashion beer,FAST FASHION,70.0,0.0,40.0,48.0,75.0,30.0,48.0,0.0,28.0,42.0,0.0,80.0,461.0
fathom and league hop yard brewery,FATHOM & LEAGUE HOP YARD BREWERY,0.25,1.5,1.0,0.5,0.0,1.0,0.0,0.5,1.0,0.0,2.58,0.25,8.58
fermentation initiative,FERMENTATION INITIATIVE,0.0,5.0,7.0,0.0,0.0,4.0,5.0,0.0,4.0,0.0,9.0,0.0,34.0
figurehead brewing company,FIGUREHEAD BREWING COMPANY,52.72,31.75,11.58,19.51,19.0,25.23,31.77,0.0,21.85,22.37,33.09,23.67,292.54
fired up brewing,FIRED UP BREWING,0.0,0.0,12.23,16.1,14.51,12.82,23.74,12.82,29.24,7.56,18.53,31.2,178.74999999999997
five dollar ranch brewing company,FIVE DOLLAR RANCH BREWING COMPANY,9.9,16.16,17.67,9.58,10.04,17.3,15.06,14.35,12.6,12.34,14.31,17.22,166.53
five dons brewing,FIVE DONS BREWING,0.0,29.5,0.0,0.0,0.0,0.0,0.0,0.0,0.0,0.0,0.0,0.0,29.5
floodland brewing,FLOODLAND BREWING COMPANY,0.0,0.0,0.0,0.0,0.0,31.26,0.0,42.03,54.9,0.0,39.1,35.1,202.39
flyers restaurant and brewery,FLYERS RESTAURANT AND BREWERY,0.0,61.5,0.0,62.25,0.0,0.0,68.5,0.0,0.0,55.5,0.0,0.0,247.75
flying bike cooperative brewery,FLYING BIKE COOPERATIVE BREWERY,38.75,66.16,0.0,66.53,22.5,38.75,0.0,33.14,25.67,23.08,72.64,0.0,387.21999999999997
flying lion brewing,FLYING LION BREWING,27.27,51.75,33.11,39.64,29.26,32.64,49.07,25.64,58.92,59.75,38.03,54.11,499.19000000000005
foggy noggin brewing,FOGGY NOGGIN BREWING,1.34,2.0,3.0,4.0,3.17,5.84,1.83,4.83,3.0,1.67,3.0,3.0,36.68
for the love of god brewing,FOR THE LOVE OF GOD BREWING,10.0,14.0,6.0,5.0,7.0,12.0,10.0,10.0,19.0,11.0,10.0,14.0,128.0
formula brewing,FORMULA BREWING,91.5,55.81,52.71,0.0,49.0,110.65,74.67,129.1,54.52,7.0,127.34,0.0,752.3
fortside brewing company,FORTSIDE BREWING COMPANY,97.03,116.03,37.66,66.6,59.59,96.34,105.45,75.23,72.1,63.78,123.88,74.39,988.08
forward operating base brewing company,FOB BREWING COMPANY,0.0,8.0,0.0,25.0,0.0,0.0,11.0,0.0,0.0,25.0,0.0,0.0,69.0
four generals brewing,FOUR GENERALS BREWING,16.32,21.64,11.83,16.87,17.76,18.26,23.47,16.4,22.09,14.2,15.45,17.28,211.57
four horsemen brewery,FOUR HORSEMEN BREWERY,7.39,11.0,0.0,3.97,3.1,0.0,13.0,-16.26,0.0,4.0,6.0,0.0,32.2
four-eyed guys brewing company,FOUR-EYED GUYS BREWING CO.,11.82,11.33,15.67,15.5,8.5,7.1,25.3,13.16,0.0,19.67,0.0,16.67,144.72000000000003
fremont brewing company,FREMONT BREWINGFREMONT BREWING COMPANY,2529.5499999999997,2729.31,3203.7400000000002,2138.85,2432.57,2713.02,3071.87,2791.8199999999997,2605.31,2426.9900000000002,2046.0500000000002,2815.2200000000003,31504.3
fringe brewing,FRINGE BREWING,20.0,20.25,18.5,32.0,6.5,7.4,32.5,19.5,33.5,38.5,26.5,27.5,282.65
future primitive brewing,FUTURE PRIMITIVE BREWING,0.0,90.08,92.96,74.43,93.77,92.88,147.89,123.34,249.19,73.7,84.91,153.97,1277.1200000000001
gallaghers where u brew,GALLAGHERS WHERE U BREW,14.24,3.07,17.93,31.23,0.0,3.77,18.23,16.58,0.0,18.06,35.99,17.68,176.78000000000003
garden path fermentation,GARDEN PATH FERMENTATION,4.46,7.24,3.2,3.13,2.96,7.84,6.62,10.68,6.45,4.09,2.87,6.79,66.33
garland brew werks,GARLAND BREW WERKS,0.0,0.0,28.99,0.0,13.59,34.1,0.0,43.5,57.44,0.0,54.73,0.0,232.35
geaux brewing,GEAUX BREWING,0.0,37.59,0.0,21.26,0.0,0.0,0.0,0.0,0.0,0.0,0.0,0.0,58.85000000000001
genus brewing,GENUS BREWING & SUPPLY,6.45,5.82,4.11,5.78,5.82,6.86,6.77,8.3,5.54,3.92,5.9,6.34,71.61
georgetown brewing company,GEORGETOWN BREWING CO.,8672.18,10193.51,7380.14,6503.01,6409.97,8722.62,9571.99,8538.23,8855.93,9315.17,8985.2,9227.2,102375.14999999998
ghost runners brewery,GHOST RUNNERS BREWERY,23.81,23.6,16.89,18.49,18.35,19.99,23.1,25.44,24.85,18.67,26.82,23.73,263.74
ghostfish brewing company,GHOSTFISH BREWING COMPANY,144.68,168.36,156.32,150.56,97.63,176.19,198.79,107.58,158.43,140.69,161.31,223.38,1883.92
gig harbor brewing,GIG HARBOR BREWING COMPANY,39.4,0.0,34.0,36.6,0.0,0.0,36.7,0.0,25.67,0.0,28.0,90.5,290.87
golden handle brewing company,GOLDEN HANDLE PROJECT S.P.C.,0.0,17.0,7.33,1.17,0.75,1.0,0.0,0.0,0.0,6.92,6.17,4.5,44.84
good brewing company,GOOD BREWING CO. BOTHELL,0.0,0.0,0.0,0.0,0.0,0.0,0.0,0.0,0.0,5.0,0.0,0.0,5.0
grains of wrath brewing,GRAINS OF WRATH BREWERY,0.0,0.0,901.57,0.0,0.0,0.0,0.0,861.56,0.0,0.0,368.55,0.0,2131.6800000000003
griffin brewing pilot house,GRIFFIN BREWING PILOT HOUSE,7.88,7.85,0.0,0.0,0.0,7.61,7.3,10.64,8.66,5.09,6.06,6.04,67.13000000000001
gruff brewing company,GRUFF BREWING COMPANY,0.0,38.5,27.0,122.5,0.0,35.1,36.5,0.0,93.5,45.0,32.0,20.0,450.1
hale's ales,HALES ALES LTD,54.49,0.0,0.0,109.15,99.77,0.0,3.48,109.82,12.34,0.0,0.0,0.0,389.05
half lion brewing company,HALF LION BREWING COMPANY,79.55,141.27,193.75,65.09,49.35,120.13,218.95,106.16,0.0,0.0,86.73,124.75,1185.73
haywire brewing company,HAYWIRE BREWING CO,27.0,0.0,0.0,16.52,44.41,80.64,0.0,20.27,0.0,35.71,83.88,0.0,308.42999999999995
headless mumby brewing company,HEADLESS MUMBY BREWING,36.21,62.8,27.89,37.7,32.61,37.58,41.39,46.25,40.28,0.0,29.69,49.61,442.00999999999993
headworks brewing,HEADWORKS BREWING,22.28,43.73,41.77,49.47,31.61,46.19,28.5,48.31,42.74,21.95,31.78,38.5,446.83000000000004
heathen brewing,HEATHEN BREWING,128.08,-11.35,47.370000000000005,73.03,60.16,121.75,91.41,101.78999999999999,-1.19,-4.92,146.68,208.35999999999999,961.17
hellbent brewing company,HELLBENT BREWING,305.08,378.17,247.41,279.75,221.72,276.78,359.03,300.26,262.63,269.32,262.31,325.08,3487.54
hemlock state brewing company,HEMLOCK STATE BREWING COMPANY,20.87,18.79,18.53,18.53,20.9,32.44,18.88,20.9,21.58,18.28,25.16,20.27,255.13000000000002
here today brewery and kitchen,HERE TODAY BREWERY & KITCHEN,0.0,0.0,9.6,0.0,0.0,0.0,0.0,0.0,0.0,19.0,9.5,0.0,38.1
hideaway brewing company,HIDEAWAY BREWING COMPANY,2.25,4.58,3.03,2.16,2.67,4.5,4.0,1.34,2.67,2.66,4.32,2.83,37.010000000000005
high bluff brewing,HIGH BLUFF BREWING,0.0,0.32,0.0,0.0,0.0,0.16,0.0,0.0,0.0,0.32,0.66,0.5,1.96
hildegard ferments and botanicals,HILDEGARD FERMENTS AND BOTANICALS,0.0,0.0,6.0,0.0,0.0,0.0,0.0,0.0,0.0,0.55,1.89,0.0,8.44
hillbilly brewing company,HILLBILLY BREWING COMPANY,1.17,0.5,0.0,0.0,0.0,1.5,0.0,0.33,0.0,1.0,0.0,0.0,4.5
hoh river brewery,HOH RIVER BREWERY,2.0,6.51,5.66,5.11,0.0,3.02,6.03,6.31,5.42,8.39,13.28,6.82,68.55000000000001
holy mountain brewing company,HOLY MOUNTAIN BREWING COMPANY,0.0,250.54,186.32,124.11,243.1,243.69,204.24,213.74,325.49,183.5,415.76,0.0,2390.49
hood canal brewery,HOOD CANAL BREWING COMPANYHOOD CANAL BREWERY,14.71,15.6,4.2,10.56,7.54,18.76,14.59,11.61,7.34,0.0,16.17,8.11,129.19
hop chaos brewing company,HOP CHAOS BREWING COMPANY,0.0,5.0,13.0,1.0,7.0,15.0,0.0,10.0,5.0,0.0,10.0,3.0,69.0
hoquiam brewing company,HOQUIAM BREWING COMPANY,0.0,0.0,0.0,0.0,17.23,24.66,0.0,23.62,20.75,24.71,0.0,29.7,140.67
horse heaven hills brewery,HORSE HEAVEN HILLS BREWERY,5.0,10.0,5.0,0.0,5.0,5.0,10.0,15.0,15.0,5.0,5.0,5.0,85.0
humble abode brewing,HUMBLE ABODE BREWING,28.38,20.64,17.55,29.76,10.5,14.7,29.73,17.95,12.0,17.85,29.4,17.78,246.23999999999998
ice harbor brewing company,ICE HARBOR BREWING COMPANY,154.29,121.71,82.59,100.3,94.99,154.24,134.16,147.57,124.7,101.4,97.39,126.72,1440.0600000000002
icicle brewing company,ICICLE BREWING COMPANY,608.05,812.67,752.14,555.02,550.86,931.51,927.36,828.06,697.81,732.53,803.42,1012.73,9212.159999999998
iconic brewing,ICONIC BREWING,13.0,0.0,71.31,8.65,9.2,13.73,17.61,13.35,13.11,0.0,16.25,74.23,250.44000000000005
in the shadow brewing,IN THE SHADOW BREWING,4.32,5.16,4.62,3.83,2.83,8.91,7.82,4.09,3.83,4.97,5.99,8.85,65.22
inland ale works,INLAND ALE WORKS BREWING CO,8.14,-0.17,0.0,0.0,0.0,7.86,11.49,1.61,8.03,3.22,8.55,3.9,52.63
iron goat brewing,IRON GOAT BREWING,69.7,66.43,72.72,48.55,80.17,80.54,93.39,83.11,73.03,78.7,74.16,88.85,909.35
iron horse brewery,IRON HORSE BREWERY,1093.89,1237.49,1979.11,1430.1,998.4,1135.27,1146.92,1344.42,955.27,-41.19,967.29,1070.83,13317.800000000001
island hoppin' brewery,ISLAND HOPPIN BREWERY,35.06,67.68,0.0,18.84,18.59,59.3,61.1,28.0,40.66,17.44,39.66,42.91,429.24
jellyfish brewing company,JELLYFISH BREWING COMPANY,116.78,168.6,98.6,98.81,91.58,147.46,130.36,119.72,115.78,91.7,123.21,140.5,1443.1000000000001
jones creek brewing,JONES CREEK BREWING,6.42,7.01,3.93,2.56,5.57,7.33,4.58,5.8,4.02,5.26,8.04,0.0,60.519999999999996
kulshan brewing company,KULSHAN BREWING COMPANYKULSHAN BREWERY,818.35,1234.36,677.34,676.84,618.5400000000001,1040.63,946.9699999999999,806.3299999999999,977.33,881.03,710.7900000000001,881.79,10270.3
la conner brewing company,LA CONNER BREWING COMPANYLA CENTER BREWING LLC,63.120000000000005,34.19,2.75,32.7,5.3,27.42,22.97,22.880000000000003,21.3,45.910000000000004,12.03,28.27,318.84
ladd and lass brewing,LADD & LASS BREWING,15.74,23.6,19.99,15.22,7.29,9.48,15.8,15.8,17.66,18.72,22.9,25.06,207.26000000000002
laht neppur brewing company,LAHT NEPPUR BREWING AND LAHT NEPPUR CELLARS,17.5,14.0,0.0,7.0,0.0,7.0,7.0,3.5,0.0,0.0,13.0,10.5,79.5
lake chelan brewery,LAKE CHELAN BREWERY,0.0,0.0,8.0,0.0,14.0,0.0,0.0,5.0,30.0,0.0,7.0,18.5,82.5
lake stevens brewing company,LAKE STEVENS BREWING COMPANY,46.84,30.66,18.0,23.5,23.84,51.5,0.0,0.0,25.66,43.68,0.0,22.5,286.18
lantern brewing,LANTERN BREWING,13.9,20.41,16.95,10.37,8.83,18.36,20.91,12.38,13.03,16.49,18.41,23.9,193.94
lazy boy brewing,LAZY BOY BREWING CO,50.39,89.16,17.83,73.61,56.33,45.82,42.58,47.36,58.32,43.27,70.81,63.33,658.8100000000001
logan brewing company,LOGAN BREWING COMPANY,44.42,55.29,36.79,68.33,0.0,50.45,55.36,42.72,45.19,36.29,38.25,44.86,517.95
loowit brewing company,LOOWIT BREWING COMPANY,143.4,108.48,150.97,101.64,102.56,127.61,166.49,152.03,106.22,105.98,103.54,153.42,1522.3400000000001
lopez island brewing company,LOPEZ ISLAND BREWING COMPANY,4.7,17.25,1.33,7.17,0.0,12.53,12.07,12.08,4.81,0.83,6.84,5.23,84.84
lost woods brewery,LOST WOODS BREWERY,24.0,15.0,58.0,0.0,0.0,0.0,34.0,20.0,0.0,0.0,0.0,0.0,151.0
lovecraft brewing company,LOVECRAFT BREWING,2.0,22.0,0.0,10.0,6.0,0.0,8.0,1.0,0.0,9.0,2.0,21.0,81.0
lowercase brewing,LOWERCASE BREWING,125.67,52.39,0.0,0.0,153.85,80.12,0.0,0.0,0.0,67.63,0.0,20.5,500.15999999999997
lucky envelope brewing,LUCKY ENVELOPE BREWING,74.98,116.78,53.76,52.6,67.11,94.48,91.49,105.46,128.61,36.79,72.06,76.76,970.8799999999999
lumber house brewery,LUMBER HOUSE BREWERY,20.51,14.32,8.5,21.25,15.5,19.57,14.5,26.33,16.66,29.28,14.0,19.33,219.75
lumberbeard brewing,LUMBERBEARD BREWING,98.07,101.51,66.37,77.71,67.97,130.16,126.81,104.38,117.04,91.48,93.16,87.35,1162.01
mac and jack's brewing company,MAC & JACKS BREWERY INC.,2036.64,2412.73,1755.14,1841.37,1951.9,2052.96,2776.15,1780.41,2171.85,1902.2,2225.78,2378.33,25285.46
machine house brewery,MACHINE HOUSE BREWERY,62.74,42.69,21.1,29.31,21.4,37.33,23.38,49.13,19.61,39.79,49.69,19.65,415.82000000000005
maelstrom brewing company,MAELSTROM BREWING COMPANY,4.61,4.76,2.96,4.41,3.71,6.23,6.13,5.21,4.6,3.22,3.54,4.78,54.160000000000004
magnuson cafe and brewery,MAGNUSON BREWERY,27.85,96.81,7.4,16.4,22.0,0.0,39.0,26.5,32.0,36.09,0.0,34.0,338.04999999999995
maritime pacific brewing company,MARITIME PACIFIC BREWING COMPANY,117.02,152.79,131.69,86.28,76.87,146.35,146.16,126.65,122.58,183.03,399.9,160.75,1850.0699999999997
masters brewhouse,MASTERS BREWHOUSE,21.0,15.0,22.9,36.85,0.0,35.82,17.7,20.25,21.09,34.0,0.0,18.3,242.91000000000003
matchless brewing,MATCHLESS,241.68,342.29,260.11,197.76,177.36,256.93,271.58,248.54,245.42,239.84,191.73,352.67,3025.9100000000003
mcmenamins anderson school brewery,MCMENAMINS ANDERSON SCHOOL,278.65,146.47,101.79,80.46,141.64,83.29,99.78,98.34,137.19,104.73,104.38,120.75,1497.4700000000003
mcmenamins elks temple,MCMENAMINS ELKS TEMPLE BREWERY,197.75,105.0,73.5,74.5,110.25,99.0,126.5,72.75,96.5,80.5,71.0,96.25,1203.5
mcmenamins kalama harbor lodge,MCMENAMINS KALAMA HARBOR LODGE BREWERY,99.75,60.94,34.75,22.75,36.25,46.75,68.5,27.0,41.22,31.0,37.25,59.5,565.66
mcmillin farm brewhouse,MCMILLIN FARM,0.0,0.0,0.9,0.0,0.0,0.0,0.0,0.0,0.0,1.94,0.0,0.0,2.84
meatheads smokehouse and beer works,MEATHEADS SMOKEHOUSE AND BEER WORKS,0.0,0.0,0.0,0.0,193.0,0.0,0.0,0.0,130.0,229.0,0.0,0.0,552.0
menace brewing,MENACE BREWING,21.03,0.0,36.74,0.0,38.24,0.0,0.0,31.3,17.89,0.0,20.96,72.32,238.48
middleton brewing,MIDDLETON BREWING,0.0,0.0,0.0,8.0,12.0,22.0,22.0,14.0,0.0,42.0,0.0,0.0,120.0
milepost 111 brewing company,MILEPOST 111 BREWING COMPANY,0.0,0.0,2.0,0.0,1.5,2.93,5.83,3.16,0.0,0.0,0.0,2.33,17.75
millwood brewing company,MILLWOOD BREWING COMPANY,18.91,16.24,19.95,16.72,15.04,14.38,15.93,19.66,18.21,14.53,10.19,10.8,190.56
mirage beer company,MIRAGE BEER,21.61,22.42,11.16,18.17,1.59,6.57,10.27,17.76,15.19,19.81,17.2,7.43,169.17999999999998
monka brewing company,MONKA BREWING COMPANY,9.0,15.0,9.0,6.0,0.0,3.0,9.0,6.0,0.0,0.0,9.0,3.0,69.0
moonshot brewing,MOONSHOT BREWING,18.55,20.64,15.11,18.74,13.91,24.06,22.16,22.3,21.81,16.21,19.86,21.75,235.10000000000002
mother fern brewing,MOTHER FERN BREWING,148.0,216.0,125.0,47.75,61.0,91.5,297.0,107.0,0.0,147.5,0.0,0.0,1240.75
mount olympus brewing,MOUNT OLYMPUS BREWING,0.0,0.0,67.9,85.67,0.0,57.01,0.0,0.0,95.97,39.12,0.0,86.22,431.89
mountain lakes brewing company,MOUNTAIN LAKES BREWING COMPANY,14.6,10.36,0.0,8.17,5.84,9.17,24.189999999999998,9.01,0.0,9.01,13.69,4.84,108.88000000000001
mule and elk brewing company,MULE AND ELK BREWING COMPANY,0.0,11.97,15.9,12.42,9.59,8.44,10.36,16.03,11.79,14.57,5.19,21.04,137.29999999999998
métier brewing company,METIER BREWING COMPANY,56.52,139.06,28.37,56.63,27.66,44.9,108.12,59.08,51.11,40.769999999999996,59.99,87.6,759.8100000000001
narrows brewing company,NARROWS BREWING COMPANY,201.78,305.47,110.21,118.41,137.17,194.71,211.05,211.22,255.36,207.36,170.56,163.76,2287.0600000000004
natural 20 brewing company,NATURAL 20 BREWING CO.NATURAL 20 BREWING CO,52.0,86.0,75.0,0.0,0.0,0.0,0.0,50.0,0.0,0.0,0.0,0.0,263.0
new maitland brewing llc,NEW MAITLAND BREWING LLC,0.0,2.32,0.16,0.0,0.0,1.99,0.0,0.0,0.0,0.08,0.57,1.44,6.5600000000000005
no boat brewing company,NOBOAT BREWING COMPANY,42.0,56.5,45.25,47.5,19.5,49.0,69.75,32.0,42.0,46.0,47.0,62.0,558.5
no drought brewing company,NO DROUGHT BREWING COMPANY,7.72,0.0,13.27,6.98,13.47,19.38,0.0,7.39,0.0,0.0,0.0,22.82,91.03
no-li brewhouse,NO-LI BREWHOUSE,1408.5700000000002,1295.5,1344.53,954.51,742.06,1396.96,1246.7,1113.38,1056.81,1029.92,1226.51,1409.41,14224.86
north 47 brewing company,NORTH 47 BREWING CO.,8.5,20.0,9.0,18.0,18.0,21.0,18.0,26.0,16.0,19.5,15.0,24.0,213.0
north fork brewery,NORTH FORKNORTH FORK BARREL HOUSE & BEER SHRINE,29.32,48.45,27.61,22.84,27.29,45.32,28.55,34.48,33.06,26.0,28.869999999999997,37.74,389.53000000000003
north jetty brewing,NORTH JETTY BREWING,45.15,82.77,48.65,48.42,21.34,64.74,56.48,62.93,61.44,21.96,60.03,65.1,639.01
north sound brewing company,NORTH SOUND BREWING CO,25.51,32.7,23.69,25.52,20.35,30.54,31.55,28.86,28.53,24.02,28.36,28.34,327.97
northern ales,NORTHERN ALES,14.35,11.5,11.5,3.27,0.0,15.02,0.0,13.0,0.0,38.3,0.0,0.0,106.94
northwest brewing company,NORTHWEST BREWERY WORKSNORTHWEST BREWING COMPANY,0.0,88.4,0.0,73.0,161.9,47.0,0.0,189.6,59.3,73.3,-2.67,0.0,689.8299999999999
northwest peaks brewery,NORTHWEST PEAKS BREWERY,16.0,0.0,0.0,12.0,10.0,0.0,20.0,12.0,0.0,0.0,0.0,0.0,70.0
northwood public house and brewery,NORTHWOOD PUBLIC HOUSE AND BREWERY,7.25,0.0,2.0,1.83,0.0,0.0,5.91,0.0,0.0,0.0,3.83,8.0,28.82
nun chuck's brewing company,NUN CHUCKS BREWING,3.86,7.25,11.54,3.85,2.03,5.47,4.27,2.5,4.67,0.0,6.72,4.22,56.379999999999995
obec brewing,OBEC BREWING,41.36,56.23,41.31,22.65,24.6,50.34,116.65,21.13,0.0,51.04,36.38,51.27,512.96
odd otter brewing company,ODD OTTER BREWING COMPANY,0.0,86.0,0.0,43.59,0.0,0.0,0.0,0.0,72.42,60.75,0.0,0.0,262.76
odin brewing company,ODIN BREWING COMPANY,150.87,71.0,0.0,32.64,63.58,46.0,69.0,-0.13,52.0,39.0,41.0,85.6,650.5600000000001
off camber brewing,OFF-CAMBER BREWING,0.0,0.0,59.08,0.0,0.0,0.0,33.79,26.44,0.0,0.0,0.0,0.0,119.31
ogres brewing,OGRES BREWING,3.5,5.5,3.5,3.93,2.7,5.5,4.67,4.5,3.5,3.0,4.0,5.0,49.3
old schoolhouse brewery,OLD SCHOOLHOUSE BREWERY,181.29999999999998,407.35999999999996,235.60000000000002,271.17,0.0,155.10000000000002,150.39999999999998,185.9,0.0,0.0,187.4,0.0,1774.23
old stove brewing company,OLD STOVE BREWING COMPANY,231.49,256.68,111.82,120.47,173.49,204.31,310.66999999999996,109.55,241.14,125.22,148.66,159.51,2193.01
optimism brewing company,OPTIMISM BREWING,115.1,120.0,89.7,115.79,61.7,116.1,142.86,143.2,111.5,236.98,0.0,135.35,1388.28
otherlands beer,OTHERLANDS BEER,33.12,0.0,0.0,42.13,0.0,98.33,0.0,0.0,0.0,86.31,0.0,58.48,318.37
outer planet craft brewing,OUTER PLANET CRAFT BREWING,4.39,5.59,4.84,0.0,4.31,6.64,6.58,10.42,5.4,4.98,6.43,5.53,65.10999999999999
outlander brewery and pub,OUTLANDER BREWERY AND PUB,10.0,6.88,14.5,7.32,14.0,21.15,19.0,0.0,0.0,0.0,3.5,4.0,100.35
paper street brewing company,PAPER STREET BREWING COMPANY,0.0,24.0,29.0,15.0,0.0,0.0,0.0,0.0,10.3,26.0,0.0,0.0,104.3
paradise creek brewery,PARADISE CREEK BREWERY,128.27,75.59,35.69,49.02,47.38,88.99,70.97,43.02,69.75,46.33,46.37,52.06,753.44
paramour brewing company,PARAMOUR BREWING CO.,0.0,6.0,9.0,0.0,3.0,6.0,4.0,0.0,3.0,0.0,10.0,6.0,47.0
pastime brewery,PASTIME BREWERY BAR & GRILL,8.58,8.0,8.82,5.04,3.85,9.14,8.23,5.74,9.14,5.27,8.37,6.4,86.58
peace of mind brewing,PEACE OF MIND BREWING,0.5,0.0,0.0,0.0,0.0,5.0,0.0,0.0,0.0,31.0,0.0,0.0,36.5
peddler brewing company,PEDDLER BREWING COMPANY,0.0,0.0,0.0,7.5,15.52,0.0,0.0,-7.9,0.0,0.0,0.0,0.0,15.12
penn cove brewing company,PENN COVE TAPROOMPENN COVE TAPROOM - FREELAND,33.02,112.0,21.59,29.34,26.16,142.57,57.59,51.36,46.669999999999995,39.63,46.66,99.79,706.3799999999999
perfect circle brewing,PERFECT CIRCLE BREWING,1.5,8.5,0.0,5.83,0.0,4.5,0.0,0.0,2.5,6.5,0.0,3.0,32.33
perihelion brewery,PERIHELION BREWERY,5.9,26.58,20.61,33.93,19.71,19.74,31.79,12.64,60.63,34.63,27.89,38.27,332.31999999999994
perry street brewing,PERRY STREET BREWING COMPANY,29.0,46.0,57.0,42.5,53.0,35.5,64.0,42.5,37.25,29.5,45.5,42.0,523.75
pike brewing company,PIKE BREWING COMPANY AND LIBERTY MALT SUPPLY,307.71,375.46,367.06,222.27,264.72,349.19,527.75,300.07,301.03,420.38,508.14,468.11,4411.89
pint size brewing,PINT SIZE BREWING,2.33,2.51,0.0,3.06,2.34,0.63,2.3,3.52,3.63,0.0,2.67,2.67,25.659999999999997
port townsend brewing company,PORT TOWNSEND BREWING CO.,0.0,0.0,0.0,60.0,45.0,375.0,0.0,0.0,150.0,90.0,0.0,150.0,870.0
postdoc brewing,POSTDOC BREWING COMPANY,114.98,156.95,104.77,89.69,83.6,151.09,153.98,126.04,98.6,81.22,119.67,104.12,1384.71
potlatch brewing company,POTLATCH BREWING CO.,6.1,13.5,0.0,8.44,3.66,27.32,0.0,0.0,27.42,10.22,9.36,15.93,121.94999999999999
powerhouse restaurant and brewery,POWERHOUSE RESTAURANT AND BREWERY,0.0,19.5,19.5,26.0,13.0,26.0,13.0,13.0,78.0,13.0,6.5,26.0,253.5
precious things fermentation project,PRECIOUS THINGS FERMENTATION PROJECT,2.0,2.0,0.5,1.5,2.5,3.25,0.0,0.5,2.0,1.33,1.5,1.0,18.08
propolis brewing,PROPOLIS BREWING,28.72,26.4,16.11,20.16,3.48,13.54,23.64,-1.34,11.98,9.86,17.36,12.07,181.97999999999996
quartzite brewing company,QUARTZITE BREWING COMPANY,5.83,9.17,6.75,0.0,2.34,9.25,8.33,0.0,7.83,6.92,8.08,9.0,73.5
quirk brewing,QUIRK BREWING,42.64,26.83,23.75,32.78,20.42,24.0,31.83,23.76,37.57,29.0,22.33,36.71,351.61999999999995
rail hop'n brewing company,RAIL HOPN BREWING CO,0.0,13.5,9.0,9.0,9.0,0.0,9.0,9.0,13.5,9.0,0.0,0.0,81.0
railside brewing,RAILSIDE BREWING,19.0,0.0,0.0,21.0,0.0,24.0,0.0,0.0,14.0,17.55,0.0,15.6,111.14999999999999
rainy daze brewing,RAINY DAZE BREWING COMPANY,96.25,112.5,80.0,81.33,44.5,97.17,115.17,104.83,99.25,77.0,94.0,93.33,1095.33
ram restaurant and brewery,RAM BREWERYRAM RESTAURANT & BREWERY,311.7,169.65,221.6,200.10000000000002,274.4,257.0,249.05,284.05,245.95,254.45,317.25,207.9,2993.1000000000004
rattlesnake mountain brewing company,RATTLESNAKE MOUNTAIN BREWING COMPANY,30.87,30.72,25.23,27.19,28.07,39.34,33.88,31.99,29.58,25.17,30.09,34.43,366.56
ravenna brewing company,RAVENNA BREWING COMPANY,0.0,0.0,0.0,0.0,159.3,356.44,0.0,264.23,279.05,250.37,0.0,286.65,1596.04
redhook brewlab,REDHOOK ALE BREWERY,0.0,0.0,0.0,0.0,12.67,50.33,14.67,0.0,0.0,0.0,0.0,9.67,87.34
remlinger farm brewery,REMLINGER FARMS,0.0,40.0,6.17,0.0,0.0,0.0,7.37,0.0,6.22,17.0,0.0,7.37,84.13
republic brewing company,REPUBLIC BREWING COMPANY,35.09,38.58,20.18,26.83,22.6,43.27,37.92,24.38,34.86,21.11,41.01,35.34,381.1700000000001
resonate brewery and pizzeria,RESONATE BREWERY + PIZZERIA,69.9,58.55,29.45,39.35,0.0,0.0,48.95,0.0,0.0,59.25,0.0,24.85,330.3
reuben's brews,REUBENS BREWS,2070.59,2617.09,1592.8,1676.6299999999999,1705.8500000000001,2303.8700000000003,2519.17,1933.1499999999999,2077.57,1709.3300000000002,1740.98,2433.18,24380.210000000003
ridgefield craft brewing company,RIDGEFIELD CRAFT BREWING COMPANY,22.24,48.92,13.42,34.42,19.88,29.36,94.73,26.17,0.0,49.73,0.0,30.23,369.1
ridgeline brewing company,RIDGELINE BREWING COMPANY,0.0,0.0,1.0,0.0,0.0,0.0,0.0,0.0,0.0,10.0,7.0,16.0,34.0
river city brewing,RIVER CITY BREWING,41.0,27.7,20.82,0.0,25.52,38.84,54.18,115.44,30.57,16.41,16.22,28.47,415.1700000000001
river mile 38 brewing company,RIVER MILE 38 BREWING CO,10.57,16.18,8.34,15.11,10.23,26.42,13.35,14.18,13.43,11.17,13.75,14.77,167.5
river time brewing,RIVER TIME BREWING,0.0,26.3,0.0,0.0,22.67,0.0,0.0,0.0,35.03,24.17,0.0,0.0,108.17
riverport brewing company,RIVERPORT BREWING,26.3,38.75,23.31,27.53,21.65,33.21,31.8,28.68,26.8,24.96,27.5,36.97,347.46000000000004
rocky coulee brewing,ROCKY COULEE BREWING COMPANY,10.64,3.06,1.25,2.74,3.98,1.23,4.0,2.35,4.25,3.39,4.96,8.92,50.77
rooftop brewing company,ROOFTOP BREWING COMPANY,96.54,100.63,69.14,67.29,50.97,82.06,204.31,82.42,0.0,0.0,65.75,97.86,916.97
rose garage brewing and taps,ROSE GARAGE,4.0,1.0,0.0,2.0,4.0,2.0,4.0,0.0,0.0,2.0,4.0,0.0,23.0
roslyn brewing company,ROSLYN BREWING COMPANY,20.66,51.01,14.73,19.56,0.0,0.0,40.69,0.0,0.0,14.52,0.0,18.83,180.0
saal brewing company,SAAL BREWING,2.14,0.0,5.28,5.96,0.0,4.26,5.34,3.41,3.41,4.85,4.85,9.54,49.04
saddle rock pub and brewery,SADDLE ROCK PUB,10.0,8.0,5.97,12.07,5.61,6.16,14.06,0.0,0.0,7.74,6.0,7.94,83.55
sage brewing company,SAGE BREWING COMPANY,12.26,22.27,15.86,19.67,15.87,28.51,11.68,18.74,35.21,26.81,10.34,13.47,230.69000000000003
salish sea brewing company,THE SALISH SEA BREWING COMPANYSALISH SEA BREWING COMPANY,0.0,0.0,131.68,0.6600000000000037,320.11,217.06,0.0,0.0,227.98999999999998,0.0,0.0,182.42000000000002,1079.92
san juan island brewing company,SAN JUAN BREWING COMPANY,205.86,218.43,87.95,97.27,97.7,275.84,179.1,84.9,140.46,88.17,139.17,216.6,1831.45
savage brewing company,SAVAGE BREWING COMPANY,10.0,0.0,28.0,0.0,0.0,14.0,21.0,21.0,0.0,0.0,21.0,21.0,136.0
scamp brewing company,SCAMP BREWING COMPANY,6.0,3.0,6.0,3.0,3.0,6.0,6.0,4.17,9.0,3.0,6.0,3.0,58.17
schooner exact brewing company,SCHOONER EXACT BREWING COMPANY,848.41,6889.21,712.39,2567.5,-37.89,-170.53,1873.63,2582.51,1477.33,513.11,1843.76,-70.33,19029.099999999995
scuttlebutt brewing company,SCUTTLEBUTT BREWING CO.,448.99,406.59,321.87,279.2,311.3,464.24,499.67,325.26,383.76,255.78,353.16,386.33,4436.150000000001
scythe brewing company,SCYTHE BREWING COMPANY,0.0,25.89,0.0,0.0,0.0,3.9,0.0,0.0,3.44,29.3,0.0,0.0,62.53
seapine brewing company,SEAPINE BREWING COMPANY,0.0,0.0,0.0,809.56,0.0,327.0,0.0,0.0,642.5,743.39,0.0,682.59,3205.04
shellback brewing,SHELLBACK BREWING,0.0,2.0,0.8,0.16,0.64,1.0,0.96,0.5,0.0,1.0,0.8,0.66,8.52
shoug brewing company,SHOUG BREWING COMPANY,10.25,11.5,15.75,7.25,6.25,5.25,9.0,9.25,10.75,10.5,12.0,26.75,134.5
sig brewing company,SIG BREWING COMPANY,39.48,31.53,23.04,41.57,19.98,32.15,34.96,66.54,46.55,29.21,31.34,29.24,425.59
silver city brewery,SILVER CITY BREWERY,2372.86,2169.09,1591.01,1516.41,1248.72,1417.5,2218.78,101.71,2621.8,1617.34,1524.62,1722.27,20122.11
singing hops brewing company,SINGING HOPS BREWING COMPANY,4.11,10.7,0.83,10.66,3.93,9.35,4.16,0.0,6.18,1.94,6.67,1.59,60.12
single hill brewing company,SINGLE HILL BREWING COMPANY,147.89,174.96,134.99,154.41,93.87,163.61,203.69,155.59,139.98,122.77,151.37,221.07,1864.2
skep brewing company,SKEP BREWING COMPANY,0.99,1.9,1.37,0.71,0.42,1.0,0.58,1.74,1.27,1.11,1.04,1.31,13.44
skookum brewery,SKOOKUM BREWERY,91.34,123.97,110.31,97.58,118.41,106.25,99.47,113.01,157.83,91.6,65.59,96.47,1271.83
slaughter county brewing company,SLAUGHTER COUNTY BREWING COMPANY,0.0,0.0,0.0,0.0,41.0,0.0,43.0,32.0,0.0,0.0,0.0,0.0,116.0
slippery pig brewing,SLIPPERY PIG BREWERY,19.5,22.5,18.0,22.5,15.0,18.0,24.0,27.0,18.0,21.0,15.0,15.0,235.5
snapshot brewing,SNAPSHOT BREWING,7.58,0.0,4.7,7.65,3.55,2.16,0.0,0.0,3.06,5.0,0.0,8.67,42.370000000000005
snoqualmie falls brewing company,SNOQUALMIE FALLS BREWERY AND TAPROOM,0.0,103.69,125.32,250.76,0.0,95.99,102.4,119.98,167.0,68.25,0.0,94.28,1127.6699999999998
snotown brewery,SNOTOWN BREWERY,14.15,6.33,8.42,7.33,5.99,12.83,4.8,10.64,14.16,5.16,4.99,6.16,100.96
snow eater brewing company,SNOW EATER BREWING COMPANY,0.0,0.0,0.0,0.0,0.0,0.0,0.0,0.0,67.58,0.0,151.35,0.0,218.93
sound to summit brewing,SOUND2SUMMIT BREWERY,30.95,46.32,20.83,35.83,26.16,33.75,38.33,40.99,40.41,31.92,61.5,49.84,456.8299999999999
spada farmhouse brewery,SPADA FARMHOUSE BREWERY,0.0,15.0,24.0,18.0,27.0,-12.0,24.0,36.0,33.0,15.0,9.0,18.0,207.0
spokanite brewing,SPOKANITE BREWING COMPANY,0.0,10.93,4.5,0.0,0.0,0.0,5.0,0.0,0.0,4.25,4.25,4.93,33.86
square wheel brewing company,SQUARE WHEEL BREWING,12.25,11.63,0.0,1.5,3.42,8.5,13.75,4.25,7.25,0.0,0.25,10.75,73.55000000000001
squirrel fight artisan brewing,SQUIRREL FIGHT ARTISAN BREWING,7.25,0.0,0.0,0.0,4.75,0.0,0.0,15.75,6.25,0.0,0.0,0.0,34.0
standard brewing,STANDARD BREWING,45.98,86.6,35.56,43.14,44.56,0.0,41.0,59.79,53.88,40.41,29.81,39.45,520.18
steam donkey brewing company,STEAM DONKEY BREWING COMPANY,17.66,0.0,35.57,25.75,0.0,21.82,36.87,15.25,0.0,0.0,18.0,47.23,218.15
stemma brewing company,STEMMA BREWING,114.27,163.67,99.72,230.3,-13.44,123.83,140.32,130.16,179.86,194.6,163.11,172.39,1698.79
stones throw brewery,STONES THROW BREWERY,0.0,43.51,28.0,0.0,25.36,49.54,48.6,73.4,92.86,70.95,0.0,43.0,475.21999999999997
stormy mountain brewing,STORMY MOUNTAIN BREWING,7.5,4.0,6.0,10.5,0.0,12.5,5.5,8.0,9.0,4.5,7.5,9.0,84.0
stoup brewing,STOUP BREWING,448.93,523.95,391.1,420.3,301.94,481.77,566.31,480.97,466.55,371.95,480.2,542.94,5476.91
structures brewing,STRUCTURES BREWING,91.5,85.5,96.0,80.5,95.5,98.0,117.0,129.0,99.0,89.0,104.0,108.0,1193.0
sumerian brewing company,SUMERIAN BREWING CO.,0.0,52.29,92.23,33.03,51.2,58.15,106.21,100.53,63.39,43.63,49.8,0.0,650.46
swinnerton brewery,SWINNERTON BREWERY,0.0,0.0,0.0,0.0,0.0,1.0,0.0,0.0,0.0,0.0,0.0,0.0,1.0
taneum creek brewing,TANEUM CREEK BREWING,5.55,0.0,0.0,2.93,10.1,2.5,4.82,7.34,7.21,0.0,0.0,0.0,40.449999999999996
temperate habits brewing company,TEMPERATE HABITS BREWING COMPANY,22.0,12.0,0.0,15.0,6.0,15.0,12.0,18.0,12.0,18.0,12.0,12.0,154.0
ten pin brewing company,TEN PIN BREWING,139.53,132.24,40.71,66.05,97.56,189.65,124.18,88.05,129.23,106.16,58.37,111.24,1282.97
terramar brewing and distilling,TERRAMAR,37.73,38.11,22.48,13.31,18.29,46.04,31.14,34.78,30.27,19.24,45.14,40.57,377.09999999999997
the good society brewery,THE GOOD SOCIETY,28.32,34.83,22.05,27.88,19.29,27.06,27.7,29.0,30.96,19.51,32.95,36.3,335.85
the grain shed,THE GRAIN SHED,0.0,8.67,37.08,16.5,8.91,18.42,47.62,15.83,29.33,0.0,18.17,19.25,219.78000000000003
the heavy metal brewing company,THE HEAVY METAL BREWING CO,21.25,0.0,0.0,21.5,0.0,0.0,20.75,0.0,0.0,37.0,0.0,58.25,158.75
the hidden mother brewery,THE HIDDEN MOTHER BREWERY,0.0,0.0,0.0,1.0,48.14,0.0,0.0,0.0,-3.38,0.0,0.0,0.0,45.76
the station u-brew,THE STATION U-BREW,9.36,4.84,9.03,9.03,8.71,6.78,7.74,12.26,9.36,7.42,7.42,10.0,101.95
thirsty crab brewery,THIRSTY CRAB BREWERY,25.0,16.0,9.0,9.0,12.0,41.0,26.0,12.0,0.0,13.0,0.0,29.0,192.0
three bull brewing,THREE BULL BREWING CO,5.97,12.2,2.18,2.23,4.56,5.89,4.13,3.99,3.04,3.94,4.34,3.33,55.8
three magnets brewing,THREE MAGNETS BREWING COMPANY,0.0,175.46,0.0,0.0,0.0,41.09,208.1,0.0,129.63,228.27,22.1,93.64,898.29
timber monster brewing,TIMBER MONSTER BREWING COMPANY,0.0,0.0,0.0,0.0,8.0,0.0,0.0,0.0,0.0,0.0,0.0,0.0,8.0
timber patch brewing,TIMBER PATCH BREWING,6.0,10.96,5.46,6.16,4.5,8.16,7.14,6.66,7.65,5.82,6.46,9.44,84.41
tin dog brewing,TIN DOG BREWING,4.22,14.76,0.0,3.17,3.56,0.0,11.15,3.23,10.4,2.26,4.69,4.16,61.599999999999994
top down brewing company,TOP DOWN BREWING COMPANY,15.81,17.4,13.26,0.0,15.79,24.08,16.91,36.38,15.07,12.29,17.66,14.33,198.98
top frog brewery,TOP FROG BREWERY,4.0,2.5,6.0,4.0,2.25,3.0,5.5,4.25,2.75,2.75,2.0,4.0,43.0
top knot brewing,TOP KNOT BREWING,0.0,0.0,5.6,0.0,0.0,7.5,2.33,0.0,1.94,1.25,4.0,0.0,22.62
top rung brewing company,TOP RUNG BREWING COMPANY,0.0,54.41,37.92,37.7,37.29,52.55,68.3,57.17,96.54,44.71,51.61,52.45,590.6500000000001
trap door brewing,TRAP DOOR BREWING,63.65,69.84,120.67,42.11,42.88,57.58,67.26,47.33,49.83,-0.39,62.74,96.7,720.2
triceratops brewing company,TRICERATOPS BREWING COMPANY,55.61,0.0,47.12,25.45,44.75,72.52,0.0,38.87,0.0,0.0,51.82,32.15,368.28999999999996
triple r brewing,TRIPLE R BREWERY,1.5,0.0,2.16,2.16,0.0,1.0,0.5,0.66,1.0,1.5,2.0,1.5,13.98
triplehorn brewing company,TRIPLEHORN BREWING CO,45.09,59.0,51.0,60.0,60.0,65.0,87.0,55.0,0.0,56.0,80.0,62.0,680.09
trusty brewing company,TRUSTY BREWING COMPANY,0.0,0.0,0.0,13.58,0.0,0.0,2.33,0.0,3.75,0.0,0.0,0.0,19.66
tt's old iron brewery,TTS OLD IRON BREWERY & BBQ,20.21,25.0,25.48,9.2,7.4,13.0,57.8,19.4,0.0,20.0,19.2,23.2,239.89
twin sisters brewing company,TWIN SISTERS BREWING COMPANY,121.08,99.6,62.79,109.04,57.11,142.62,143.22,108.02,134.21,83.07,87.67,93.03,1241.46
two beers brewing company,TWO BEERS BREWING COMPANY,153.65,247.76,154.85,109.67,133.1,203.75,194.9,153.65,182.61,180.05,183.0,259.35,2156.34
uprise brewing company,UPRISE BREWING COMPANY,0.0,58.29,34.37,0.0,0.0,1.7,0.0,0.0,0.0,33.34,43.92,48.72,220.34
urban family brewing company,URBAN FAMILY BREWING COMPANY,0.0,254.16,111.19,135.95,153.83,248.38,260.18,214.11,360.03,152.9,323.29,0.0,2214.02
v twin brewing company,V TWIN BREWING COMPANY,0.0,0.0,0.0,0.0,1.79,8.17,0.0,9.43,0.0,0.0,0.0,3.28,22.67
valhöll brewing company,VALHOLL BREWING COMPANY,39.47,56.89,33.49,27.36,27.2,53.48,45.59,44.61,45.09,21.95,29.61,52.39,477.13000000000005
valley brewing company,VALLEY BREWING COMPANY,0.0,0.0,0.0,24.03,23.08,79.68,32.43,40.81,38.78,53.38,0.0,66.6,358.78999999999996
valley house brewing company,VALLEY HOUSE BREWING COMPANY,22.0,22.1,36.6,18.4,16.8,23.6,32.1,14.5,28.6,0.0,21.7,16.8,253.2
varietal beer company,VARIETAL BEER COMPANY,0.0,321.64,0.0,193.7,0.0,0.0,158.55,110.67,187.34,256.27,0.0,146.97,1375.14
vashon brewing,VASHON BREWING LLC,8.28,5.83,0.0,2.17,2.17,17.32,0.0,0.0,5.68,1.79,2.75,7.34,53.33
vice beer,VICE BEER,0.0,0.0,0.0,0.0,0.0,10.17,0.0,0.0,0.0,68.25,0.0,-0.39,78.03
victor 23 craft brewery,VICTOR 23 BREWING,48.53,38.15,38.89,7.71,14.15,46.76,27.6,42.9,14.22,15.0,9.25,62.0,365.16
volition brewing company,VOLITION BREWING COMPANY,17.78,0.0,0.0,0.0,13.59,20.36,0.0,0.0,83.38,25.58,84.98,20.62,266.29
wander brewing,WANDER BREWING,182.97,220.62,106.86,136.75,107.96,177.33,175.19,199.87,183.47,144.36,134.83,166.52,1936.73
wandering hop brewery,WANDERING HOP,27.68,25.94,20.66,17.29,12.95,17.54,32.96,43.040000000000006,28.07,19.69,34.730000000000004,20.59,301.14
water buffalo brewery,WATER BUFFALO BREWERY,0.89,6.2,1.3,1.44,0.58,8.21,6.05,3.75,3.16,1.33,4.06,6.09,43.06
watts brewing company,WATTS BREWING CO.,0.0,11.33,19.35,1.67,0.0,3.33,0.0,0.0,0.17,16.33,18.17,22.83,93.17999999999999
well 80 brewing company,WELL 80 ARTESIAN BREWING COMPANY,41.23,30.92,32.57,39.42,27.08,40.5,27.75,35.59,45.62,13.83,34.58,44.75,413.84000000000003
wenatchee valley brewing company,WENATCHEE BREWING CO,37.5,52.8,15.49,22.0,19.0,38.33,40.91,32.0,41.17,15.3,62.15,0.0,376.65
west seattle brewing company,WEST SEATTLE BREWING CO,25.8,48.12,13.07,0.0,4.72,0.0,48.62,0.0,0.0,22.03,0.0,0.0,162.36
western red brewing,WESTERN RED BREWING,0.0,0.0,43.15,55.45,108.11,66.88,93.73,75.32,144.67,108.82,0.0,172.32,868.4499999999998
wet coast brewing company,WET COAST BREWING COMPANY,181.47,89.16,64.36,59.63,60.44,101.69,97.03,0.0,92.57,62.55,71.17,79.01,959.0799999999998
wheelie pop brewing,WHEELIE POP BREWING,16.2,32.59,27.08,11.67,0.0,34.34,29.9,27.86,28.38,32.68,35.71,47.37,323.78
whipsaw brewing,WHIPSAW BREWING,84.17,132.65,69.48,36.25,30.589999999999996,97.99000000000001,128.14,58.019999999999996,89.36,117.2,131.32999999999998,138.51,1113.69
whistle punk brewing company,WHISTLE PUNK BREWING,32.0,32.17,19.5,16.33,23.33,25.0,25.0,29.17,31.67,25.17,32.67,19.5,311.51000000000005
white bluffs brewing,WHITE BLUFFS BREWING,106.39,113.58,114.72,109.82,95.68,79.97,135.97,107.8,104.73,87.19,96.2,123.82,1275.87
whitewall brewing company,WHITEWALL BREWING,16.82,31.59,27.71,28.39,20.64,30.91,22.75,39.96,35.7,19.73,22.26,27.49,323.95
wicked teuton brewing company,WICKED TEUTON BREWING COMPANY,5.0,5.5,0.0,5.5,6.0,8.83,9.5,6.67,7.75,7.67,6.55,7.83,76.8
wild man brewing company,WILD MAN BREWING COMPANY,8.22,16.62,9.27,9.65,12.96,8.84,14.63,8.21,10.44,10.64,12.94,12.2,134.62
wild oak project,LOST BEAR BREWS,0.0,0.0,0.0,0.15,0.0,0.0,0.0,0.0,0.23,0.0,0.0,0.0,0.38
wildland cooperative,WILDLAND COOPERATIVE,0.0,0.0,0.0,0.0,0.0,2.31,0.31,0.0,1.66,9.65,0.0,5.0,18.93
willapa brewing company,WILLAPA BREWING CO,9.14,8.62,3.84,6.82,2.67,1.98,9.3,5.16,6.48,4.47,9.43,6.81,74.72
yakima craft brewing company,YAKIMA CRAFT BREWING CO.,22.31,25.91,5.5,30.47,37.83,32.86,48.07,35.62,29.2,0.0,25.01,20.24,313.02
yaya brewing company,YAYA BREWING COMPANY,56.0,72.06,62.34,45.23,54.0,73.49,85.67,103.06,52.98,90.8,67.73,46.59,809.95
yoked farmhouse and brewery,YOKED FARMHOUSE BREWERY,0.0,0.0,30.7,23.64,9.98,35.92,0.0,0.0,33.53,0.0,0.0,64.87,198.64000000000001
