,brewery,location
0,ANHEUSER-BUSCH,"St. Louis, MO United States"
1,MILLERCOORS,United States
2,MARK ANTHONY BRANDS,
3,PABST BREWING,"San Antonio, TX United States"
4,THE BOSTON BEER COMPANY,
5,NEW BELGIUM,"Fort Collins, CO United States"
6,DIAGEO BEER COMPANY USA,
7,DESCHUTES BREWERY,"Bend, OR United States"
8,HEINEKEN USA INCORPORATED,
9,MPL BRANDS NV INC,
10,MCKENZIE RIVER BREWING,"Eugene, OR United States"
11,SIERRA NEVADA BREWING,"Chico, CA United States"
12,SCHOONER EXACT BREWING,"Seattle, WA United States"
13,PHUSION PROJECTS,
14,ALASKAN BREWING COMPANY,"Juneau, AK United States"
15,NINKASI BREWERY,
16,THE ODOM CORPORATION,
17,PFRIEM FAMILY BREWERS,"Hood River, OR United States"
18,THE LAGUNITAS BREWING,
19,HIGH FALLS OPERATING COMPANY,
20,FORT GEORGE BREWERY,"Astoria, OR United States"
21,PELICAN PUB AND BREWERY,
22,WORTHY BREWING,"Bend, OR United States"
23,FOUNDERS BREWING COMPANY,"Grand Rapids, MI United States"
24,ODOM COA LICENSING LLC,
25,GORDON BIERSCH BREWING,"San Jose, CA United States"
26,BAYFRONT BREWERY,United States
27,STONE BREWING COMPANY,"Newington, NH United States"
28,FULL SAIL BREWING COMPANY,"Hood River, OR United States"
29,ECLIPTIC BREWING,"Portland, OR United States"
30,BREAKSIDE BREWERY,"Portland, OR United States"
31,C STEIN,"Rotterdam, Zuid-Holland Netherlands"
32,ASSOCIATED BREWING COMPANY,"La Crosse, WI United States"
33,FIRESTONE WALKER BREWING,"Paso Robles, CA United States"
34,UNITED BRANDS COMPANY INC,
35,BUOY BEER COMPANY,"Astoria, OR United States"
36,SAZERAC COMPANY INC,"New Orleans, LA United States"
37,GREAT NOTION BREWING AND,
38,OSKAR BLUES BREWERY,"Longmont, CO United States"
39,JUNESHINE,"San Diego, CA United States"
40,UNITED BRANDS LLC,"Atlanta, GA United States"
41,SAPPORO USA,
42,SPOETZL BREWERY,"Shiner, TX United States"
43,BIG SKY BREWING COMPANY,"Missoula, MT United States"
44,CRUX FERMENTATION PROJECT,"Bend, OR United States"
45,LOST COAST BREWERY AND CAFE,
46,FERMENTED SCIENCES II,
47,GOODLIFE BREWING COMPANY,"Bend, OR United States"
48,MPL BRANDS NV,
49,BELCHING BEAVER BREWERY,"Oceanside, CA United States"
50,BAYERN BREWING,"Missoula, MT United States"
51,BLOCK 15 BREWING COMPANY,"Corvallis, OR United States"
52,LOVERBOY,"New York, NY United States"
53,CRUX FREMENTATION PROJECT,"Bend, OR United States"
54,NORTH COAST BREWING COMPANY,"Fort Bragg, CA United States"
55,DOUBLE MOUNTAIN BREWERY AND,"Hood River, OR United States"
56,CHICAGO AMERICA HOLDING,
57,ANDERSON VALLEY BREWING,"Boonville, CA United States"
58,ARTISANAL IMPORTS,
59,EEL RIVER BREWING COMPANY,"Fortuna, CA United States"
60,PITTSBURGH BREWING COMPNAY,"Creighton, PA United States"
61,LEFT HAND BREWING COMPANY,"Longmont, CO United States"
62,ZOIGLHAUS BREWING COMPANY,"Portland, OR United States"
63,LEVEL BEER,"Portland, OR United States"
64,BODACIOUS BERRIES FRUITS,
65,THREE CREEKS BREWING COMPANY,"Sisters, OR United States"
66,ANCHORAGE BREWING COMPANY,"Anchorage, AK United States"
67,TRUMER BRAUEREI,
68,MELVIN BREWING COMPANY,
69,TWELVE PERCENT,"North Haven, CT United States"
70,WAYFINDER BEER,"Portland, OR United States"
71,SILVER MOON BREWING,"Bend, OR United States"
72,GLOBAL BEER COMPANY,United States
73,COOP ALE WORKS,"Oklahoma City, OK United States"
74,EX NOVO BREWING COMPANY,"Corrales, NM United States"
75,ECHOES BREWING COMPANY LLC,
76,WENATCHEE BREWING COMPANY,"Wenatchee, WA United States"
77,NORTH FORK,"Riverhead, NY United States"
78,TERRAMAR,"Bow, WA United States"
79,CENTRAL BEER IMPORT AND,
80,FERMENT BREWING COMPANY,"Hood River, OR United States"
81,MOTHER EARTH BREW COMPANY,"Vista, CA United States"
82,RATTLESNAKE MOUNTAIN,"Richland, WA United States"
83,CAMO BREWING CO INC,
84,5 RIGHTS BREWING LLC,
85,COUNTERBALANCE BREWING,"Seattle, WA United States"
86,MAGNUSON BREWERY,"Seattle, WA United States"
87,ELLIOTT BAY PUBLIC HOUSE AND,
88,VICTOR 23 BREWING,"Vancouver, WA United States"
89,RUSE BREWING,"Portland, OR United States"
90,21ST AMENDMENT,"San Francisco, CA United States"
91,THE GOOD SOCIETY,"Seattle, WA United States"
92,BOMBASTIC BREWING,"Hayden, ID United States"
93,YAKIMA CRAFT BREWING COMPANY,"Yakima, WA United States"
94,OCCIDENTAL BREWING COMPANY,United States
95,MAUI BREWING COMPANY,"Kihei, HI United States"
96,WALLA WALLA STEAK CO/CROSS,
97,SPINDRIFT SPIKED CO LLC,
98,DIVINE NECTAR INC,
99,CASCADE LAKES BREWING COMPANY,United States
100,TERMINAL GRAVITY BREWING,"Enterprise, OR United States"
101,GLACIER BREWHOUSE,"Anchorage, AK United States"
102,WANDERING HOP,"Yakima, WA United States"
103,MILLENNIUM PRODUCTS,
104,WELDWERKS BREWING COMPANY,
105,REVISION BREWING COMPANY,"Sparks, NV United States"
106,MIGRATION BREWING,"Portland, OR United States"
107,UINTA BREWING COMPANY,"Salt Lake City, UT United States"
108,KELLS BREWPUB,"Portland, OR United States"
109,FLYERS RESTAURANT AND,"Oak Harbor, WA United States"
110,TIMBER CITY GINGER BEER,"Seattle, WA United States"
111,JEREMIAH JOHNSON BREWING,"Great Falls, MT United States"
112,GOOD HARD SELTZER,United States
113,XYZ BEVERAGE,"Milwaukee, WI United States"
114,POWERHOUSE RESTAURANT AND,"Puyallup, WA United States"
115,COMMON LANGUAGE BREWING,
116,GLORYBUCHA KOMBUCHA,
117,OCTOPI BREWING,"Waunakee, WI United States"
118,GIGANTIC BREWING COMPANY,"Portland, OR United States"
119,BEAR REPUBLIC BREWING,"Rohnert Park, CA United States"
120,LAUGHING DOG BREWING,"Ponderay, ID United States"
121,TTS OLD IRON BREWERY AND BBQ,
122,OAKSHIRE BREWING,"Eugene, OR United States"
123,MT TABOR BREWING COMPANY,
124,SUZIES BREWERY COMPANY,
125,AVERY BREWING COMPANY,"Boulder, CO United States"
126,RUZZO,"Clackamas, OR United States"
127,AT LARGE BREWING AND,"Everett, WA United States"
128,ELLIOTT BAY BREWERY AND PUB,
129,MONKLESS BELGIAN ALES,"Bend, OR United States"
130,BALLAST POINT BREWING COMPANY,"San Diego, CA United States"
131,MILLWOOD BREWING COMPANY,"Millwood, WA United States"
132,COMMUNITEA KOMBUCHA,"Seattle, WA United States"
133,ABITA BREWING COMPANY LLC,
134,SQUEEZE HARD SELTZER,
135,LITTLE BEAST BREWING,"Portland, OR United States"
136,KINGS AND DAUGHTERS BREWERY,"Hood River, OR United States"
137,LAURELWOOD BREWING COMPANY,
138,HARVESTER BREWING,"Portland, OR United States"
139,SMOKING MOS,
140,TWELVE PERCENT LLC,
141,CLAIM 52 BREWING,
142,BOTTLE LOGIC BREWING LLC,
143,EVASION BREWING INC,
144,EQUILIBRIUM BREWERY,"Middletown, NY United States"
145,OTHER HALF BREWING COMPANY,"Brooklyn, NY United States"
146,CHIEF SPRINGS FIRE AND IRONS,"Dayton, WA United States"
147,CALDERA BREWING COMPANY,"Ashland, OR United States"
148,ASCENDANT BEER COMPANY,"Portland, OR United States"
149,DUVEL MOORTGAT USA,
150,SLAUGHTER COUNTY BREWING,"Port Orchard, WA United States"
151,ANOTHER ROUND BREWING COMPANY,"Pullman, WA United States"
152,ALESMITH BREWING COMPANY,"San Diego, CA United States"
153,SWEETWATER BREWING COMPANY,"Atlanta, GA United States"
154,HEATER ALLEN BREWING,"McMinnville, OR United States"
155,MOUNTAINS WALKING BREWERY,"Bozeman, MT United States"
156,STICKMEN BREWING COMPANY,"Tualatin, OR United States"
157,DRUNK FRUIT,"Sterling, VA United States"
158,BORA ENTERPRISES,
159,ANCESTRY BREWING,"Tualatin, OR United States"
160,MORTALIS BREWING COMPANY,"Avon, NY United States"
161,PRESTIGE BEVERAGE GROUP,
162,BEVERAGE INNOVATION CORP,
163,POST FALLS BREWING COMPANY,"Post Falls, ID United States"
164,FAT HEADS BREWERY,"Middleburg Heights, OH United States"
165,WALLACE BREWING,"Wallace, ID United States"
166,FIVE STAR BREWING CO INC,
167,UPRIGHT BREWING COMPANY,"Portland, OR United States"
168,MT BREW,"Mt Pleasant, MI United States"
169,EPIC BREWING COMPANY,"Salt Lake City, UT United States"
170,SASQUATCH BREWERY,"Portland, OR United States"
171,PARISH BREWING COMPANY,"Broussard, LA United States"
172,903 BREWERS,"Sherman, TX United States"
173,REDHOOK ALE BREWERY,
174,PRAIRIE ARTISAN ALES,"Krebs, OK United States"
175,IMPRINT BEER COMPANY,"Hatfield, PA United States"
176,PAYETTE BREWING COMPANY,"Boise, ID United States"
177,WILD RIDE BREWING,"Redmond, OR United States"
178,STORMBREAKER BREWING,"Portland, OR United States"
179,JIANT KOMBUCHA,
180,REVOLUTION BEER LLC,"Chicago, IL United States"
181,REMLINGER FARMS,
182,PARK STREET IMPORTS,
183,SADDLE ROCK PUB,"Wenatchee, WA United States"
184,MARTIN HOUSE BREWING,"Fort Worth, TX United States"
185,TRICKSTERS BREWING COMPANY,"Coeur dâ€™Alene, ID United States"
186,NEW IMAGE BREWING COMPANY,
187,SHADES BREWING,"Salt Lake City, UT United States"
188,FOB BREWING COMPANY,"DuPont, WA United States"
189,NUDE BEVERAGES USA,
190,TRIMTAB BREWING COMPANY,
191,GENUS BREWING AND SUPPLY,
192,BEER TREE BREW COMPANY,
193,ATWOOD ALES,
194,THE BRUERY,"Placentia, CA United States"
195,FICKS AND COMPANY,
196,BIERLY BREWING,"McMinnville, OR United States"
197,ALE SPIKE,"Cortland, NE United States"
198,VIKS DISTRIBUTORS,
199,REEDS INC DBA REEDS (DE),
200,EAST END BREWING COMPANY,"Pittsburgh, PA United States"
201,FIELDWORK BREWING COMPANY,"Berkeley, CA United States"
202,MASTHEAD BREWING COMPANY,"Cleveland, OH United States"
203,JM CELLARS COMPANY,
204,HOP BUTCHER FOR THE WORLD,"Chicago, IL United States"
205,VASHON BREWING LLC,"Vashon, WA United States"
206,TILTED TREE HARD CIDER,
207,MAGNIFY BREWING COMPANY,"Fairfield, NJ United States"
208,OLD TOWN BREWING COMPANY,
209,BURLEY OAK BREWING COMPANY,"Berlin, MD United States"
210,HOPPIN FROG LIMITED,
211,HIGH WATER BREWING,"Lodi, CA United States"
212,DIAMOND KNOT BREWPUB @ MLT,
213,TROOBADO,"Ann Arbor, MI United States"
214,TAKARA SAKE USA,"Berkeley, CA United States"
215,PAPAS CASINO RESTAURANT AND,
216,WESTBROOK BREWING COMPANY,
217,MODIST BREWING COMPANY,"Tyngsborough, MA United States"
218,ELDER PINE BREWING AND,"Gaithersburg, MD United States"
219,MOONRAKER BREWING,"Auburn, CA United States"
220,GRIMM ARTISANAL ALES,"Brooklyn, NY United States"
221,RIVER NORTH BREWERY,"Denver, CO United States"
222,UNE ANNEE BREWERY,"Niles, IL United States"
223,YAKIMA VALLEY HOPS,"Yakima, WA United States"
224,UNITY VIBRATION LIVING,
225,CYCLE BREWING,"St. Petersburg, FL United States"
226,YAKIMA CHIEF HOPS,United States
227,EL SEGUNDO BREWING COMPANY,"El Segundo, CA United States"
228,THE BREWING PROJEKT,"Eau Claire, WI United States"
229,HARDYWOOD PARK CRAFT,"Richmond, VA United States"
230,FERNDALE PROJECT,"Ferndale, MI United States"
231,TAXMAN BREWING LLC,
232,MORE BREWING COMPANY,"Huntley, IL United States"
233,RIVER STYX BREWING,"Fitchburg, MA United States"
234,LA CENTER BREWING LLC,
235,TRANSIENT ARTISAN ALES,"Bridgman, MI United States"
236,ASIAN BROTHERS BREWING COMPANY,"Sacramento, CA United States"
237,THRESHOLD BREWING AND,"Portland, OR United States"
238,BEARDED IRIS BREWING,"Nashville, TN United States"
239,LUPULIN BREWING,"Big Lake, MN United States"
240,HAMMER AND STITCH BREWING,"Portland, OR United States"
241,ALESONG BREWING AND,"Eugene, OR United States"
242,FONTA FLORA BREWERY,"Nebo, NC United States"
243,GOLDEN HANDLE PROJECT,
244,EVER GRAIN BREWING COMPANY,
245,CASITA BREWING COMPANY,"Wilson, NC United States"
246,JUNKYARD BREWING COMPANY,"Moorhead, MN United States"
247,DECIDUOUS BREWING COMPANY,"Newmarket, NH United States"
248,STREETSIDE BREWERY,"Cincinnati, OH United States"
249,FREEBRIDGE BREWING,"The Dalles, OR United States"
250,FLORIDA CARIBBEAN,
251,HEAVY REEL BREWING,"Seaside Heights, NJ United States"
252,SQUIRREL FIGHT ARTISAN,"Moses Lake, WA United States"
253,KINGS COUNTY BREWERS,"Brooklyn, NY United States"
254,TRUE RESPITE BREWING COMPANY,"Derwood, MD United States"
255,FALSE IDOL BREWING,"North Richland Hills, TX United States"
256,RIDGELINE BREWING COMPANY,United States
257,OLD IRVING BREWING COMPANY,
258,SINGHA NORTH AMERICA,
259,BAREBOTTLE BREWING COMPANY,"San Francisco, CA United States"
260,PROTECTOR BREWERY LLC,
261,WHITE ELM BREWING COMPANY,"Lincoln, NE United States"
262,BLACKSTACK BREWING,"Saint Paul, MN United States"
263,THE RARE BARREL,"Berkeley, CA United States"
264,MICKDUFFS BREWING COMPANY,"Sandpoint, ID United States"
265,IMAGINE NATION BREWING COMPANY,
266,PURE PROJECT,"San Diego, CA United States"
267,SPOKANITE BREWING COMPANY,"Spokane, WA United States"
268,HERE TODAY BREWERY AND,"Seattle, WA United States"
269,PERENNIAL PARTNERS,
270,AURORA BREWING COMPANY,"Aurora, OH United States"
271,TOPPLING GOLIATH BREWERY,
272,NORTHWOOD PUBLIC HOUSE AND,
273,TRIPPING ANIMALS BREWING,"Doral, FL United States"
274,SPINDLETAP BREWERY,"Houston, TX United States"
275,DSSOLVR,"Asheville, NC United States"
276,GOOD OMEN BOTTLING,
277,JESTER KING CRAFT BREWERY,
278,CHARLES TOWNE FERMENTORY,"Charleston, SC United States"
279,BARRIER BREWING COMPANY,"Oceanside, NY United States"
280,BITTER ROOT BREWING,"Hamilton, MT United States"
281,LEVANTE BREWING INC,
282,PINT SIZE BREWING,"Seattle, WA United States"
283,COMMON ROOTS BREWING,"South Glens Falls, NY United States"
284,3 SONS BREWING COMPANY,
285,PUBLIC COAST BREWING,"Cannon Beach, OR United States"
286,URBAN ARTIFACT,"Cincinnati, OH United States"
287,HAAS INNOVATIONS BREWING,
288,DESTINATION UNKNOWN BEER,"Bay Shore, NY United States"
289,CENTRAL COAST BREWING,"San Luis Obispo, CA United States"
290,AWAY DAYS BREWING LLC,
291,URBAN SOUTH BREWERY,"New Orleans, LA United States"
292,WILD LEAP,"LaGrange, GA United States"
293,NEIGHBOR DUDES,"Wilsonville, OR United States"
294,ENERGY CITY BREWING,"Batavia, IL United States"
295,SOURCE BREWING,"Colts Neck, NJ United States"
296,HEIST BREWING,"Brookings, SD United States"
297,OLD NATION BREWING COMPANY,"Williamston, MI United States"
298,BROUWERIJ WEST,"Malle, Vlaams Gewest Belgium"
299,HOOSIER BREWING COMPANY,United States
300,ROSE GARAGE,"Rosalia, WA United States"
301,MODERN TIMES BEER,"San Diego, CA United States"
302,BRICK AND FEATHER BREWERY,"Turners Falls, MA United States"
303,LISTERMANN BREWING COMPANY,"Cincinnati, OH United States"
304,XUL BEER COMPANY,"Knoxville, TN United States"
305,SHIMAI TOSHI BREWING,"Portland, OR United States"
306,HOPFLY BREWING COMPANY,
307,HORNELL BREWING COMPANY,"Woodbury, NY United States"
308,BREW BAKERS,"Visalia, CA United States"
309,LIVING HAUS BEER COMPANY,"Portland, OR United States"
310,BREAKING WAVES BREWING,
311,THREES BREWING,"Brooklyn, NY United States"
312,ICARUS BREWING COMPANY,"Lakewood, NJ United States"
313,SMOG CITY BREWING COMPANY,
314,DRAKES BREWING COMPANY,"San Leandro, CA United States"
315,TRUSTY BREWING COMPANY,"Vancouver, WA United States"
316,FIFTH FRAME BREWING COMPANY,
317,BARDIC BREWING,"Spokane Valley, WA United States"
318,DUNAGAN BREWING COMPANY,"Gig Harbor, WA United States"
319,WILDLAND COOPERATIVE,"Colbert, WA United States"
320,MAST LANDING BREWING,"Westbrook, ME United States"
321,PONDASETA BREWING COMPANY,
322,SINGLECUT BEERSMITHS,"Astoria, NY United States"
323,EAGLE PARK BREWING COMPANY,"Milwaukee, WI United States"
324,FOUNDATION BREWING COMPANY,"Portland, ME United States"
325,BRIX CITY BREWING,"Little Ferry, NJ United States"
326,TWENTY-EIGHT TEN LLC,
327,RADIANT BEER COMPANY,
328,PRECIOUS THINGS,"Spokane, WA United States"
329,ALLAGASH BREWING COMPANY,"Portland, ME United States"
330,STONECLOUD BREWING COMPANY,"Oklahoma City, OK United States"
331,SLRRRP,
332,ZEN ZYMURGIST FERMENTATION,
333,CROOKED STAVE ARTISAN BEER,"Denver, CO United States"
334,TOP KNOT BREWING,"Tonasket, WA United States"
335,TWO TIDES BREWING COMPANY,"Savannah, GA United States"
336,DANKHOUSE BREWING COMPANY,"Newark, OH United States"
337,OLOGY BREWING COMPANY,
338,NEW WORLD BEVERAGES,"Long Island, NY United States"
339,ASLIN BEER COMPANY,"Alexandria, VA United States"
340,WESTBOUND AND DOWN BREWERY,
341,INGENIOUS BREWING COMPANY,"Humble, TX United States"
342,FAIR STATE BREWING,"Minneapolis, MN United States"
343,COPPER KETTLE BREWING,"Denver, CO United States"
344,AUSTIN BROTHERS BEER,"Alpena, MI United States"
345,ODD MUSE BREWING COMPANY,"Farmers Branch, TX United States"
346,EASTERN LIQUORS USA,
347,COLDFIRE BREWING,"Mountain View, CA United States"
348,RHINEGEIST BREWERY,"Cincinnati, OH United States"
349,PONO BREWING COMPANY,"Portland, OR United States"
350,NEW ANTHEM BEER PROJECT,"Wilmington, NC United States"
351,FINBACK,"Queens, NY United States"
352,GILGAMESH BREWING,"Salem, OR United States"
353,CUSHWA BREWING COMPANY,
354,TURNING POINT BEER,"Bedford, TX United States"
355,FIFTYFIFTY BREWING COMPANY,
356,DANCING GNOME BEER,
357,RAR BREWING,"Cambridge, MD United States"
358,SCHILLING BEER COMPANY,
359,URBAN CHESTNUT BREWING,"Saint Louis, MO United States"
360,RIVERLANDS BREWING COMPANY,"St Charles, IL United States"
361,HIDDEN SPRINGS ALE WORKS,"Tampa, FL United States"
362,BARREL OF MONKS BREWERY,
363,CORPORATE LADDER BREWING,"Palmetto, FL United States"
364,WEATHERED SOULS BREWING,"San Antonio, TX United States"
365,CONNECTICUT VALLEY BREWING,"South Windsor, CT United States"
366,TOMBSTONE BREWING COMPANY,"Tombstone, AZ United States"
367,RIVERBEND BREWING,"Bend, OR United States"
368,CIVIL SOCIETY BREWING COMPANY,"Jupiter, FL United States"
369,FORGOTTEN ROAD ALES,"Graham, NC United States"
370,THE SELKIRK ABBEY BREWING,
371,PLAIN BREWING,"Pensacola, FL United States"
372,ALVARIUM BEER COMPANY,"New Britain, CT United States"
373,LIQUID LOVE BREWING COMPANY,
374,BYRON ST BREWERY,
375,PEAR UP CIDER,"Wenatchee, WA United States"
376,STELLWAGEN BEER COMPANY,"Marshfield, MA United States"
377,INDEED BREWING COMPANY,"Minneapolis, MN United States"
378,BURIAL BEER COMPANY,"Asheville, NC United States"
379,ABNORMAL BEER COMPANY,
380,TORCH AND CROWN BREWING COMPANY,"New York, NY United States"
381,J WAKEFIELD BREWING,"Miami, FL United States"
382,MIKERPHONE BREWING,"Elk Grove Village, IL United States"
383,LIL BEAVER BREWERY,"Bloomington, IL United States"
384,8TH WONDER BREWERY,"Houston, TX United States"
385,BANDI OVERSEAS TRADING,
386,OLIPHANT BREWING,"Somerset, WI United States"
387,SOCIAL PROJECT BREWING,"Bentonville, AR United States"
388,INTERNATIONAL DISTILLERS,
389,WREN HOUSE BREWING COMPANY,"Phoenix, AZ United States"
390,ARVON BREWING COMPANY,"Avon, OH United States"
391,KINE KOMBUCHA,"Everson, WA United States"
392,BREW GENTLEMEN,"Braddock, PA United States"
393,LUA BREWING,"Des Moines, IA United States"
394,WYNDRIDGE FARM BREWING,"Dallastown, PA United States"
395,ALMA MADER BREWING,"Kansas City, MO United States"
396,MONDAY NIGHT BREWING,"Atlanta, GA United States"
397,DROWNED LANDS BREWERY,"Warwick, NY United States"
398,INTERBORO SPIRITS AND ALES,"Brooklyn, NY United States"
399,SUNRIVER BREWING COMPANY,"Sunriver, OR United States"
400,FIFTH HAMMER BREWING COMPANY,
401,NEWGRASS BREWING COMPANY,"Shelby, NC United States"
402,TALEA BEER,"Kings County, NY United States"
403,RESIDENT CULTURE,"Charlotte, NC United States"
404,CASEY BREWING AND BLENDING,"Glenwood Springs, CO United States"
405,FATHOM AND LEAGUE HOP YARD,"Carlsborg, WA United States"
406,CEREBRAL BREWING,"Denver, CO United States"
407,VOODOO BREWING COMPANY,United States
408,LAKEWOOD BREWING COMPANY,
409,DENVER BEER COMPANY,"Denver, CO United States"
410,DIVINE BARREL BREWING,"Charlotte, NC United States"
411,HUNGA DUNGA BREWING COMPANY,
412,KANSAS CITY BIER COMPANY,"Kansas City, MO United States"
413,BINARY BREWING LLC,
414,45 DEGREE BREWHOUSE,"Spokane Valley, WA United States"
415,HAIR OF THE DOG BREWING,"Portland, OR United States"
416,GREAT RAFT BREWING LLC,
417,MIDNIGHT SUN BREWING,"Anchorage, AK United States"
418,BY ALL MEANS,"Billings Metropolitan Area, MT United States"
419,NEW MAITLAND BREWING LLC,
420,NORTH FORK BARREL HOUSE AND,
421,BOILER BREWING COMPANY,"Lincoln, NE United States"
422,STONEFACE BREWING COMPANY,"Newington, NH United States"
423,BARLOWS BREWERY,"Vancouver, WA United States"
424,DECIBEL BREWING COMPANY,"Bothell, WA United States"
425,ENCHANTMENT BREWING,"Ellensburg, WA United States"
426,WOLFS RIDGE BREWING,"Columbus, OH United States"
427,DRASTIC MEASURES BREWING,"Wadena, MN United States"
428,BREWERY VIVANT,"Grand Rapids, MI United States"
429,FULL CIRCLE BREWING COMPANY,"Fresno, CA United States"
430,MAPLEWOOD BREWING COMPANY,"Chicago, IL United States"
431,GRAND ARMORY BREWING,"Grand Haven, MI United States"
432,CREATURE COMFORTS BREWING,"Athens, GA United States"
433,DE GARDE BREWING,"Tillamook, OR United States"
434,GOOD BREWING CO BOTHELL,
435,THE SHED,"Middlebury, VT United States"
436,ALPHA ACID BREWING COMPANY,"Belmont, CA United States"
437,CELLADOR ALES,"Torrance, CA United States"
438,HIGHLAND PARK BREWERY,"Los Angeles, CA United States"
439,HILLBILLY BREWING COMPANY,"Ridgefield, WA United States"
440,GNARLY BARLEY BREWING,"Hammond, LA United States"
441,SOUTHERN GRIST BREWING,"Nashville, TN United States"
442,SPRING HOUSE BREWING COMPANY,"Lancaster, PA United States"
443,BURGHERS BREWING,"Pittsburgh, PA United States"
444,EXHIBIT A BREWING COMPANY,"Framingham, MA United States"
445,BALD BIRDS BREWING COMPANY,"Audubon, PA United States"
446,EIGHT AND SAND BEER COMPANY,
447,SIDE PROJECT BREWING,"Saint Louis, MO United States"
448,FALLING KNIFE BREWING,"Minneapolis, MN United States"
449,SAPWOOD CELLARS,"Columbia, MD United States"
450,BAA BAA BREWHOUSE,"Brookshire, TX United States"
451,GOLD BUCKLE BREWERY,
452,FOUR NOSES BREWING COMPANY,"Denver, CO United States"
453,FIFTY WEST BREWING,"Cincinnati, OH United States"
454,EXILE BREWING COMPANY,"Des Moines, IA United States"
455,LOST GROVE BREWING LLC,
456,ZIPLINE BREWING COMPANY,
457,WHITE ROOSTER FARMHOUSE,"Sparta, IL United States"
458,BERCHMANS BREWING COMPANY,
459,LOCAL CRAFT BEER,"Tehachapi, CA United States"
460,ORONO BREWING COMPANY,"Orono, ME United States"
461,STICK CITY BREWING COMPANY,"Mars, PA United States"
462,PIPEWORKS BREWING COMPANY,"Chicago, IL United States"
463,SAINT ERRANT BREWING,United States
464,PLAN BEE FARM BREWERY,"Poughkeepsie, NY United States"
465,SCRATCH BREWING COMPANY,"Ava, IL United States"
466,BEWILDER BREWING COMPANY,"Salt Lake City, UT United States"
467,MAD SWEDE BREWING COMPANY,"Boise, ID United States"
468,CAPTAINS BREWING COMPANY,"Ridgefield, WA United States"
469,MAZAMA BREWING,"Hillsboro, OR United States"
470,THUNDERHEAD BREWING COMPANY,"Kearney, NE United States"
471,ODD BREED WILD ALES,"Pompano Beach, FL United States"
472,TEMPERANCE BEER COMPANY,United States
473,KENT FALLS BREWING COMPANY,
474,CONFLUENCE BREWING COMPANY,"Des Moines, IA United States"
475,HILDEGARD FERMENTS AND,"Seattle, WA United States"
476,WISE MAN BREWING,"Winston Salem, NC United States"
477,IMAGINE NATION BREWING,"Missoula, MT United States"
478,BARRELHOUSE BREWING COMPANY,"Covington, KY United States"
479,BULLFROG BREWERY,"Williamsport, PA United States"
480,THE ALE APOTHECARY,"Bend, OR United States"
481,LIQUID GRAVITY BREWING,"San Luis Obispo, CA United States"
482,HIGH BLUFF BREWING,"Port Angeles, WA United States"
483,MCMILLIN FARM,United States
484,HAW RIVER FARMHOUSE ALES,"Saxapahaw, NC United States"
485,LEIKAM BREWING,"Portland, OR United States"
486,FEARLESS BREWING COMPANY,"Birkenhead, Merseyside England"
487,SANTIAM BREWING COMPANY,"Salem, OR United States"
488,PEARL DISTRIBUTING,
489,ARCLIGHT BREWING COMPANY,"Watervliet, MI United States"
490,E AND J GALLO WINERY,"Modesto, CA United States"
491,BRIDGE 99 BREWERY,"Bend, OR United States"
492,FROTH BREWING COMPANY,"Birmingham, West Midlands Combined Authority England"
493,PRIMITIVE BEER,"Longmont, CO United States"
494,GREAT WESTERN MALTING,
495,HARDWARE BREWING COMPANY,
496,COIN TOSS BREWING,"Oregon City, OR United States"
497,LOST BEAR BREWS,"Rapid City, SD United States"
498,EIGHTY-TWO BEVERAGES,
499,NEIGEL VINTNERS,"Wenatchee, WA United States"
500,SPYGLASS BREWING COMPANY,"Nashua, NH United States"
501,SEVERANCE BREWING COMPANY,"Sioux Falls, SD United States"
502,NEBULEUS,"Renens, Vaud Switzerland"
503,MARBLE BREWERY,"Manchester, Greater Manchester England"
504,JESSUP FARM BARREL HOUSE,"Fort Collins, CO United States"
505,DEFINITIVE BREWING COMPANY,"Portland, ME United States"
506,DARACH BREWING COMPANY,"Bellingham, WA United States"
507,CELESTIAL BREWING,United States
508,BREW EXPORT,
509,HOFBRAUHAUS OF AMERICA LLC,
510,WETTEN IMPORTERS INC,
511,CUSTOM CALIFORNIA CRAFT,
512,THUNDER ISLAND BREWING COMPANY,"Cascade Locks, OR United States"
513,SAINT ARCHER BREWING,"San Diego, CA United States"
514,GRAND PRIX BEVERAGE,
515,BRECKENRIDGE BREWERY,"Littleton, CO United States"
516,IMPORTERS DIRECT WHOLESALE,
517,STEVENS POINT BREWERY AND,
518,THE BROOKLYN BREWERY,
519,LANIKAI BREWING COMPANY,"Kailua, HI United States"
520,LABATT USA,
521,ANCHOR BREWING COMPANY,"San Francisco, CA United States"
522,NARRAGANSETT BREWING,"Providence, RI United States"
523,KNEE DEEP BREWING COMPANY,"Auburn, CA United States"
524,VERMONT HARD CIDER COMPANY,"Middlebury, VT United States"
525,LOGSDON FARMHOUSE ALES,"Washougal, WA United States"
526,CROOK AND MARKER LLC,
527,THE GAMBRINUS COMPANY,
528,BBL INC,
529,JACK DANIELS BEVERAGE,"Louisville, KY United States"
530,VINOCOM,
531,10 BARREL BREWING,"Bend, OR United States"
532,ST KILLIAN IMPORTING COMPANY,
533,UNITED STATES BEVERAGE,"Elk Rapids, MI United States"
534,BOOCHCRAFT,"Chula Vista, CA United States"
